L___1260nm_X,L___1260nm_Y,L___1080nm_X,L___1080nm_Y,L___900nm_X,L___900nm_Y,L___720nm_X,L___720nm_Y,L___540nm_X,L___540nm_Y,L___360nm_X,L___360nm_Y,L___180nm_X,L___180nm_Y
1.764,1.473,1.776,1.513,1.792,1.571,1.815,1.663,1.844,1.832,1.859,2.217,1.698,2.919
1.806857715,1.541748741,1.819234469,1.585492291,1.835643287,1.647707375,1.859138277,1.746148599,1.888701403,1.925664227,1.904312625,2.333741742,1.743815631,3.037286678
1.849715431,1.615280416,1.862468938,1.661035193,1.879286573,1.727106292,1.903276553,1.833578033,1.933402806,2.024422574,1.949625251,2.453110525,1.789631263,3.154511076
1.892573146,1.692125284,1.905703407,1.740767693,1.92292986,1.810789423,1.94741483,1.924082557,1.978104208,2.128010341,1.994937876,2.575388069,1.835446894,3.269455742
1.935430862,1.771310398,1.948937876,1.822693245,1.966573146,1.899228985,1.991553106,2.01920521,2.022805611,2.236991227,2.040250501,2.699699256,1.881262525,3.389422939
1.978288577,1.853525438,1.992172345,1.909356319,2.010216433,1.990186211,2.035691383,2.117332386,2.067507014,2.348673479,2.085563126,2.830370861,1.927078156,3.50723437
2.021146293,1.940033434,2.035406814,2.001182561,2.053859719,2.086146866,2.079829659,2.223420889,2.112208417,2.464745147,2.130875752,2.963847552,1.972893788,3.623809416
2.064004008,2.032304089,2.078641283,2.096825616,2.097503006,2.186329204,2.123967936,2.331770774,2.15690982,2.58791394,2.176188377,3.102969514,2.018709419,3.742103927
2.106861723,2.128327044,2.121875752,2.196265822,2.141146293,2.292227082,2.168106212,2.445259,2.201611222,2.714698618,2.221501002,3.242026581,2.06452505,3.860049965
2.149719439,2.227721175,2.16511022,2.300844326,2.184789579,2.402450622,2.212244489,2.56481148,2.246312625,2.846512162,2.266813627,3.388172813,2.110340681,3.979258856
2.192577154,2.331763122,2.208344689,2.410541907,2.228432866,2.518219761,2.256382766,2.689393329,2.291014028,2.983495078,2.312126253,3.533867442,2.156156313,4.097237056
2.23543487,2.44144565,2.251579158,2.524658179,2.272076152,2.640533753,2.300521042,2.819565507,2.335715431,3.124596784,2.357438878,3.686306959,2.201971944,4.214877259
2.278292585,2.556960146,2.294813627,2.644252591,2.315719439,2.765662074,2.344659319,2.954590087,2.380416834,3.272446345,2.402751503,3.840699182,2.247787575,4.334167242
2.321150301,2.678113749,2.338048096,2.771587313,2.359362725,2.897442465,2.388797595,3.095431891,2.425118236,3.426716307,2.448064128,3.997145584,2.293603206,4.451489297
2.364008016,2.804279792,2.381282565,2.902992255,2.403006012,3.036668546,2.432935872,3.244451248,2.469819639,3.584355749,2.493376754,4.158932161,2.339418838,4.568237097
2.406865731,2.937005166,2.424517034,3.039068168,2.446649299,3.182936838,2.477074148,3.400004165,2.514521042,3.745815093,2.538689379,4.323198791,2.385234469,4.68773164
2.449723447,3.077772093,2.467751503,3.184577386,2.490292585,3.336278242,2.521212425,3.558666754,2.559222445,3.914348373,2.584002004,4.490840115,2.4310501,4.806380492
2.492581162,3.223895199,2.510985972,3.339146727,2.533935872,3.495126073,2.565350701,3.725645055,2.603923848,4.091235768,2.629314629,4.661056042,2.476865731,4.923328969
2.535438878,3.376972493,2.554220441,3.49932156,2.577579158,3.660779276,2.609488978,3.899607542,2.648625251,4.271016464,2.674627255,4.833807003,2.522681363,5.04025994
2.578296593,3.539006706,2.59745491,3.664333745,2.621222445,3.834312185,2.653627255,4.078902479,2.693326653,4.453876969,2.71993988,5.010418907,2.568496994,5.158432446
2.621154309,3.708975886,2.640689379,3.839166523,2.664865731,4.013576839,2.697765531,4.268333809,2.738028056,4.645083299,2.765252505,5.190870381,2.614312625,5.276793074
2.664012024,3.886540261,2.683923848,4.023727078,2.708509018,4.201205711,2.741903808,4.463721431,2.782729459,4.842925223,2.81056513,5.373610585,2.660128257,5.395041324
2.706869739,4.072256118,2.727158317,4.21628698,2.752152305,4.399429996,2.786042084,4.662406589,2.827430862,5.044549958,2.855877756,5.557269947,2.705943888,5.512858929
2.749727455,4.267384754,2.770392786,4.416795552,2.795795591,4.60506071,2.830180361,4.870379759,2.872132265,5.24899607,2.901190381,5.742785975,2.751759519,5.629402053
2.79258517,4.471545174,2.813627255,4.625896248,2.839438878,4.818112243,2.874318637,5.087470873,2.916833667,5.460363185,2.946503006,5.931313009,2.79757515,5.745897091
2.835442886,4.684389002,2.856861723,4.844144423,2.883082164,5.04027191,2.918456914,5.311289822,2.96153507,5.67899248,2.991815631,6.123619893,2.843390782,5.863292612
2.878300601,4.909052016,2.900096192,5.07093,2.926725451,5.270971856,2.96259519,5.542705316,3.006236473,5.90113922,3.037128257,6.319332868,2.889206413,5.979781036
2.921158317,5.145755035,2.943330661,5.307374413,2.970368737,5.509881258,3.006733467,5.780820978,3.050937876,6.127815686,3.082440882,6.517068854,2.935022044,6.09522759
2.964016032,5.390244644,2.98656513,5.556541513,3.014012024,5.757469082,3.050871743,6.023527044,3.095639279,6.360493126,3.127753507,6.714731113,2.980837675,6.211333083
3.006873747,5.643905157,3.029799599,5.816665999,3.057655311,6.013938987,3.09501002,6.273980209,3.140340681,6.597717198,3.173066132,6.914073297,3.026653307,6.327892094
3.049731463,5.911056236,3.073034068,6.084166857,3.101298597,6.279372589,3.139148297,6.535119753,3.185042084,6.838825816,3.218378758,7.11851787,3.072468938,6.443783197
3.092589178,6.191640568,3.116268537,6.360070067,3.144941884,6.554044917,3.183286573,6.803501508,3.229743487,7.084367494,3.263691383,7.325591652,3.118284569,6.559134486
3.135446894,6.48387142,3.159503006,6.646787704,3.18858517,6.838319773,3.22742485,7.076614856,3.27444489,7.334340278,3.309004008,7.531809396,3.1641002,6.67444962
3.178304609,6.785250242,3.202737475,6.946995085,3.232228457,7.132621648,3.271563126,7.355071313,3.319146293,7.588434928,3.354316633,7.739067182,3.209915832,6.789690273
3.221162325,7.095870091,3.245971944,7.260600116,3.275871743,7.436236186,3.315701403,7.6401269,3.363847695,7.846776348,3.399629259,7.949844996,3.255731463,6.904688709
3.26402004,7.420836054,3.289206413,7.583102705,3.31951503,7.746951382,3.359839679,7.933315368,3.408549098,8.109659444,3.444941884,8.163724159,3.301547094,7.01965311
3.306877756,7.76133435,3.332440882,7.913781769,3.363158317,8.065093198,3.403977956,8.234723302,3.453250501,8.377324239,3.490254509,8.379677952,3.347362725,7.134905773
3.349735471,8.112065864,3.375675351,8.256585054,3.406801603,8.393541179,3.448116232,8.543275797,3.497951904,8.649835705,3.535567134,8.596904917,3.393178357,7.250211874
3.392593186,8.472426005,3.41890982,8.611596046,3.45044489,8.732417291,3.492254509,8.857165533,3.542653307,8.926451418,3.58087976,8.814789386,3.438993988,7.364957753
3.435450902,8.848225443,3.462144289,8.974998899,3.494088176,9.079387634,3.536392786,9.174410375,3.587354709,9.206307344,3.626192385,9.033458767,3.484809619,7.4788712
3.478308617,9.240598204,3.505378758,9.347599566,3.537731463,9.433885067,3.580531062,9.496680234,3.632056112,9.489385853,3.67150501,9.253322532,3.530625251,7.592198883
3.521166333,9.64425322,3.548613226,9.73463948,3.581374749,9.796910197,3.624669339,9.827940144,3.676757515,9.775958317,3.716817635,9.475000404,3.576440882,7.705199729
3.564024048,10.05635916,3.591847695,10.13536348,3.625018036,10.16824633,3.668807615,10.16794959,3.721458918,10.06597024,3.762130261,9.699241273,3.622256513,7.817973284
3.606881764,10.47806237,3.635082164,10.54214525,3.668661323,10.54639683,3.712945892,10.51265198,3.766160321,10.35917838,3.807442886,9.9259524,3.668072144,7.930565938
3.649739479,10.91115463,3.678316633,10.95301146,3.712304609,10.93112596,3.757084168,10.86019012,3.810861723,10.65529875,3.852755511,10.15365488,3.713887776,8.043007606
3.692597194,11.35810954,3.721551102,11.37494369,3.755947896,11.3241085,3.801222445,11.21187826,3.855563126,10.95400676,3.898068136,10.38112908,3.759703407,8.155300865
3.73545491,11.820239,3.764785571,11.81196145,3.799591182,11.72617576,3.845360721,11.56887868,3.900264529,11.25533606,3.943380762,10.60935777,3.805519038,8.267443035
3.778312625,12.29499544,3.80802004,12.25863802,3.843234469,12.13550294,3.889498998,11.93128981,3.944965932,11.56025487,3.988693387,10.84008248,3.851334669,8.379383698
3.821170341,12.77963133,3.851254509,12.70976246,3.886877756,12.55021177,3.933637275,12.2989654,3.989667335,11.8697475,4.034006012,11.07373024,3.897150301,8.491031303
3.864028056,13.27493165,3.894488978,13.16912893,3.930521042,12.9707267,3.977775551,12.67130338,4.034368737,12.18346007,4.079318637,11.30851162,3.942965932,8.602301751
3.906885772,13.7829414,3.937723447,13.64302631,3.974164329,13.39828515,4.021913828,13.04750152,4.07907014,12.50026705,4.124631263,11.54254699,3.988781563,8.713227154
3.949743487,14.30298961,3.980957916,14.12992859,4.017807615,13.8331919,4.066052104,13.42751649,4.123771543,12.81906344,4.169943888,11.77572546,4.034597194,8.823921795
3.992601202,14.83192031,4.024192385,14.62184151,4.061450902,14.27478029,4.110190381,13.81246878,4.168472946,13.13881921,4.215256513,12.00926305,4.080412826,8.934497165
4.035458918,15.36801509,4.067426854,15.11420776,4.105094188,14.72244182,4.154328657,14.20336742,4.213174349,13.4585821,4.260569138,12.24428138,4.126228457,9.044965917
4.078316633,15.91344188,4.110661323,15.61138257,4.148737475,15.1759428,4.198466934,14.59967172,4.257875752,13.77895101,4.305881764,12.48076586,4.172044088,9.15524467
4.121174349,16.47069377,4.153895792,16.1187455,4.192380762,15.6351279,4.24260521,15.00014758,4.302577154,14.10209205,4.351194389,12.71810202,4.217859719,9.265246059
4.164032064,17.03913603,4.197130261,16.63768129,4.236024048,16.09966906,4.286743487,15.40371019,4.347278557,14.42998002,4.396507014,12.95576954,4.263675351,9.374877238
4.20688978,17.61619124,4.240364729,17.16684582,4.279667335,16.56904998,4.330881764,15.80966744,4.39197996,14.76189535,4.441819639,13.19414588,4.309490982,9.484032906
4.249747495,18.19996259,4.283599198,17.70474681,4.323310621,17.04284665,4.37502004,16.21739997,4.436681363,15.09552778,4.487132265,13.43408434,4.355306613,9.592606042
4.29260521,18.79057745,4.326833667,18.24954488,4.366953908,17.52142169,4.419158317,16.62673292,4.481382766,15.42879632,4.53244489,13.67637965,4.401122244,9.700508903
4.335462926,19.38853175,4.370068136,18.79933104,4.410597194,18.00550423,4.463296593,17.03809106,4.526084168,15.76181818,4.577757515,13.92072571,4.446937876,9.807905087
4.378320641,19.99465104,4.413302605,19.35278806,4.454240481,18.4955494,4.50743487,17.45193777,4.570785571,16.09585244,4.62307014,14.16587896,4.492753507,9.915134302
4.421178357,20.61015587,4.456537074,19.90953559,4.497883768,18.99087712,4.551573146,17.8686313,4.615486974,16.43209671,4.668382766,14.41056893,4.538569138,10.02253989
4.464036072,21.23609683,4.499771543,20.46931116,4.541527054,19.49051554,4.595711423,18.28841403,4.660188377,16.77089927,4.713695391,14.65410956,4.58438477,10.13039376
4.506893788,21.87095844,4.543006012,21.03273417,4.585170341,19.99348118,4.639849699,18.71151946,4.70488978,17.11205011,4.759008016,14.89709311,4.630200401,10.23849971
4.549751503,22.51140424,4.586240481,21.60135209,4.628813627,20.49875388,4.683987976,19.1380689,4.749591182,17.45532386,4.804320641,15.14028096,4.676016032,10.34647295
4.592609218,23.15442103,4.62947495,22.17670968,4.672456914,21.00530634,4.728126253,19.56803963,4.794292585,17.80027023,4.849633267,15.38437948,4.721831663,10.45392818
4.635466934,23.80028089,4.672709419,22.75925703,4.7161002,21.51262861,4.772264529,20.00139854,4.838993988,18.14614166,4.894945892,15.62936802,4.767647295,10.56052414
4.678324649,24.45100623,4.715943888,23.34834014,4.759743487,22.02221627,4.816402806,20.43787991,4.883695391,18.49217025,4.940258517,15.87471148,4.813462926,10.66629493
4.721182365,25.10847004,4.759178357,23.94324545,4.803386774,22.53605079,4.860541082,20.87668011,4.928396794,18.83779474,4.985571142,16.11986387,4.859278557,10.77146465
4.76404008,25.77271535,4.802412826,24.54276865,4.84703006,23.05577402,4.904679359,21.31691971,4.973098196,19.18341898,5.030883768,16.36440606,4.905094188,10.87625885
4.806897796,26.44264872,4.845647295,25.14502294,4.890673347,23.58034809,4.948817635,21.7577943,5.017799599,19.52972837,5.076196393,16.60875506,4.95090982,10.98090036
4.849755511,27.11718276,4.888881764,25.74807207,4.934316633,24.10746409,4.992955912,22.19903406,5.062501002,19.87740546,5.121509018,16.85366634,4.996725451,11.08549914
4.892613226,27.79580323,4.932116232,26.35087572,4.97795992,24.63484173,5.037094188,22.64060113,5.107202405,20.22687084,5.166821643,17.09989632,5.042541082,11.190015
4.935470942,28.47859295,4.975350701,26.95495729,5.021603206,25.16170813,5.081232465,23.0824601,5.151903808,20.57807584,5.212134269,17.34807035,5.088356713,11.29439736
4.978328657,29.1656622,5.01858517,27.56229579,5.065246493,25.68930836,5.125370741,23.52478997,5.19660521,20.93092306,5.257446894,17.59783697,5.134172345,11.39859562
5.021186373,29.85677543,5.061819639,28.17472572,5.10888978,26.21902855,5.169509018,23.96820765,5.241306613,21.28531233,5.302759519,17.84840378,5.179987976,11.50255871
5.064044088,30.55073983,5.105054108,28.79225138,5.152533066,26.75206291,5.213647295,24.41338348,5.286008016,21.64104266,5.348072144,18.09897623,5.225803607,11.6062304
5.106901804,31.24619829,5.148288577,29.41362111,5.196176353,27.28814707,5.257785571,24.86096667,5.330709419,21.99778532,5.39338477,18.34878583,5.271619238,11.70955139
5.149759519,31.94190875,5.191523046,30.03755862,5.239819639,27.82634675,5.301923848,25.31097874,5.375410822,22.35520333,5.438697395,18.59762067,5.31743487,11.81246235
5.192617234,32.63851197,5.234757515,30.66303573,5.283462926,28.36572411,5.346062124,25.7627227,5.420112224,22.71296083,5.48401002,18.84580257,5.363250501,11.91490396
5.23547495,33.33818547,5.277991984,31.28998119,5.327106212,28.90556846,5.390200401,26.21546219,5.464813627,23.07079526,5.529322645,19.09367482,5.409066132,12.01682629
5.278332665,34.04315171,5.321226453,31.9185545,5.370749499,29.44604915,5.434338677,26.66847317,5.50951503,23.42856327,5.574635271,19.34158072,5.454881764,12.11829278
5.321190381,34.75515544,5.364460922,32.54891466,5.414392786,29.98754864,5.478476954,27.12141782,5.554216433,23.78613245,5.619947896,19.58981696,5.500697395,12.21944211
5.364048096,35.47264067,5.407695391,33.18107248,5.458036072,30.5304494,5.52261523,27.57441225,5.598917836,24.14337035,5.665260521,19.83844715,5.546513026,12.32041431
5.406905812,36.19265735,5.45092986,33.81468157,5.501679359,31.07502511,5.566753507,28.02759856,5.643619238,24.50019724,5.710573146,20.08746216,5.592328657,12.4213494
5.449763527,36.91225048,5.494164329,34.44934278,5.545322645,31.62111531,5.610891784,28.48111869,5.688320641,24.85677577,5.755885772,20.33685284,5.638144289,12.52238688
5.492621242,37.62905006,5.537398798,35.08465702,5.588965932,32.16845128,5.65503006,28.93507251,5.733022044,25.21333827,5.801198397,20.58661005,5.68395992,12.62358094
5.535478958,38.34407266,5.580633267,35.7202914,5.632609218,32.71676431,5.699168337,29.38946027,5.777723447,25.57011707,5.846511022,20.83671041,5.729775551,12.72480641
5.578336673,39.0595507,5.623867735,36.35610875,5.676252505,33.26578571,5.743306613,29.84426778,5.82242485,25.92734297,5.891823647,21.08707812,5.775591182,12.82591549
5.621194389,39.7777182,5.667102204,36.99200787,5.719895792,33.81524728,5.78744489,30.29948085,5.867126253,26.28512888,5.937136273,21.33762523,5.821406814,12.92676039
5.664052104,40.50059986,5.710336673,37.62788758,5.763539078,34.364881,5.831583166,30.75507905,5.911827655,26.64338799,5.982448898,21.58826378,5.867222445,13.02719329
5.70690982,41.22788403,5.753571142,38.26367867,5.807182365,34.91441891,5.875721443,31.21096381,5.956529058,27.00201421,6.027761523,21.83890583,5.913038076,13.12706796
5.749767535,41.95779618,5.796805611,38.89956715,5.850825651,35.463594,5.919859719,31.66698359,6.001230461,27.36090144,6.073074148,22.08946194,5.958853707,13.22630968
5.792625251,42.68853936,5.84004008,39.53586112,5.894468938,36.01229645,5.963997996,32.12298581,6.045931864,27.71994299,6.118386774,22.33983145,6.004669339,13.32494382
5.835482966,43.41832258,5.883274549,40.17286947,5.938112224,36.56074334,6.008136273,32.5788179,6.090633267,28.07899877,6.163699399,22.58990861,6.05048497,13.42300321
5.878340681,44.14611834,5.926509018,40.81090054,5.981755511,37.10919254,6.052274549,33.0343468,6.135334669,28.43787693,6.209012024,22.83958767,6.096300601,13.52052068
5.921198397,44.8724042,5.969743487,41.45010125,6.025398798,37.65790192,6.096412826,33.48957395,6.180036072,28.79638118,6.254324649,23.08876287,6.142116232,13.61752906
5.964056112,45.59783374,6.012977956,42.09023063,6.069042084,38.20712212,6.140551102,33.9445575,6.224737475,29.15431523,6.299637275,23.33732874,6.187931864,13.71406119
6.006913828,46.32306056,6.056212425,42.73099063,6.112685371,38.75684477,6.184689379,34.39935577,6.269438878,29.5114828,6.3449499,23.58525692,6.233747495,13.81015933
6.049771543,47.04871679,6.099446894,43.37208317,6.156328657,39.30673663,6.228827655,34.85402709,6.314140281,29.86777353,6.390262525,23.83269554,6.279563126,13.90589897
6.092629259,47.7749591,6.142681363,44.01321065,6.199971944,39.85644387,6.272965932,35.3086229,6.358841683,30.22338919,6.43557515,24.07981734,6.325378758,14.00136294
6.135486974,48.50147851,6.185915832,44.6541181,6.24361523,40.40561267,6.317104208,35.76311791,6.403543086,30.57860238,6.480887776,24.32679508,6.371194389,14.09663403
6.178344689,49.22794654,6.229150301,45.29462898,6.287258517,40.95389099,6.361242485,36.21743891,6.448244489,30.9336857,6.526200401,24.5738015,6.41701002,14.19179508
6.221202405,49.95403472,6.27238477,45.93457516,6.330901804,41.50108845,6.405380762,36.67151198,6.492945892,31.28891175,6.571513026,24.82100911,6.462825651,14.2869289
6.26406012,50.67942225,6.315619238,46.57378852,6.37454509,42.04730326,6.449519038,37.12526319,6.537647295,31.64454977,6.616825651,25.06850852,6.508641283,14.38211795
6.306917836,51.40399465,6.358853707,47.21210095,6.418188377,42.59266349,6.493657315,37.57861864,6.582348697,32.00068898,6.662138277,25.31618907,6.554456914,14.4773938
6.349775551,52.12786171,6.402088176,47.84938349,6.461831663,43.1372972,6.537795591,38.0315103,6.6270501,32.35715177,6.707450902,25.56390975,6.600272545,14.57268421
6.392633267,52.85114448,6.445322645,48.48563583,6.50547495,43.68133248,6.581933868,38.4838844,6.671751503,32.71373894,6.752763527,25.81152954,6.646088176,14.6679043
6.435490982,53.57396403,6.488557114,49.12088403,6.549118236,44.22488372,6.626072144,38.9356892,6.716452906,33.07025127,6.798076152,26.05890742,6.691903808,14.76296918
6.478348697,54.29644139,6.531791583,49.75515414,6.592761523,44.76795814,6.670210421,39.38687301,6.761154309,33.42648957,6.843388778,26.30590238,6.737719439,14.85779396
6.521206413,55.0186557,6.575026052,50.38847221,6.63640481,45.31051243,6.714348697,39.8373841,6.805855711,33.78225541,6.888701403,26.55238639,6.78353507,14.95229375
6.564064128,55.74055334,6.618260521,51.02086521,6.680048096,45.85250295,6.758486974,40.28717125,6.850557114,34.13741774,6.934014028,26.79836568,6.829350701,15.04638368
6.606921844,56.46205442,6.66149499,51.65238156,6.723691383,46.3938861,6.802625251,40.73622649,6.895258517,34.49196365,6.979326653,27.04392572,6.875166333,15.1399888
6.649779559,57.18307909,6.704729459,52.28309164,6.767334669,46.93461825,6.846763527,41.18461859,6.93995992,34.84589212,7.024639279,27.28915305,6.920981964,15.23309611
6.692637275,57.90354747,6.747963928,52.91306683,6.810977956,47.47466589,6.890901804,41.63242425,6.984661323,35.19920219,7.069951904,27.5341342,6.966797595,15.32571632
6.73549499,58.62337791,6.791198397,53.54237851,6.854621242,48.01404756,6.93504008,42.07972015,7.029362725,35.55189286,7.115264529,27.77895569,7.012613226,15.41786021
6.778352705,59.34238592,6.834432866,54.17109805,6.898264529,48.55279854,6.979178357,42.52658297,7.074064128,35.90396314,7.160577154,28.02370404,7.058428858,15.50953855
6.821210421,60.06022956,6.877667335,54.79928933,6.941907816,49.0909541,7.023316633,42.9730894,7.118765531,36.25541344,7.20588978,28.26845198,7.104244489,15.60076213
6.864068136,60.77655363,6.920901804,55.4268621,6.985551102,49.62854953,7.06745491,43.41928165,7.163466934,36.60625608,7.251202405,28.51315986,7.15006012,15.6915417
6.906925852,61.49100293,6.964136273,56.05358142,7.029194389,50.1656201,7.111593186,43.86505746,7.208168337,36.95650942,7.29651503,28.75773323,7.195875752,15.78188805
6.949783567,62.20322224,7.007370741,56.67920676,7.072837675,50.70218925,7.155731463,44.31027677,7.252869739,37.30619189,7.341827655,29.00207732,7.241691383,15.87181381
6.992641283,62.91285746,7.05060521,57.3034976,7.116480962,51.23812726,7.199869739,44.75479949,7.297571142,37.65532189,7.387140281,29.24609731,7.287507014,15.96134127
7.035498998,63.61978598,7.093839679,57.9262134,7.160124248,51.77319776,7.244008016,45.19848555,7.342272545,38.00391785,7.432452906,29.48969842,7.333322645,16.05049594
7.078356713,64.32439925,7.137074148,58.54711384,7.203767535,52.30716221,7.288146293,45.64119488,7.386973948,38.35199818,7.477765531,29.73278584,7.379138277,16.13930329
7.121214429,65.02715795,7.180308617,59.16606936,7.247410822,52.83978205,7.332284569,46.08278779,7.431675351,38.69958019,7.523078156,29.97526554,7.424953908,16.22778882
7.164072144,65.72852273,7.223543086,59.78324297,7.291054108,53.37081874,7.376422846,46.52318127,7.476376754,39.04667232,7.568390782,30.21709717,7.470769539,16.315978
7.20692986,66.42895425,7.266777555,60.39884545,7.334697395,53.90003373,7.420561122,46.96240768,7.521078156,39.39327876,7.613703407,30.45832882,7.51658517,16.40389633
7.249787575,67.12891319,7.310012024,61.01308758,7.378340681,54.42724274,7.464699399,47.40051337,7.565779559,39.7394037,7.659016032,30.69901682,7.562400802,16.4915693
7.292645291,67.82882768,7.353246493,61.62618013,7.421983968,54.95253407,7.508837675,47.83754472,7.610480962,40.0850513,7.704328657,30.93921752,7.608216433,16.57902221
7.335503006,68.52863603,7.396480962,62.23833389,7.465627255,55.47608144,7.552975952,48.2735481,7.655182365,40.43022572,7.749641283,31.17898724,7.654032064,16.66627008
7.378360721,69.22789786,7.439715431,62.84975768,7.509270541,55.99805857,7.597114228,48.70856987,7.699883768,40.77493114,7.794953908,31.41838232,7.699847695,16.75331189
7.421218437,69.92616299,7.4829499,63.46050128,7.552913828,56.5186392,7.641252505,49.1426564,7.74458517,41.1191715,7.840266533,31.65745911,7.745663327,16.84014523
7.464076152,70.6229812,7.526184369,64.07034061,7.596557114,57.03799709,7.685390782,49.57584165,7.789286573,41.46292562,7.885579158,31.89627367,7.791478958,16.92676769
7.506933868,71.3179023,7.569418838,64.67902448,7.640200401,57.55630595,7.729529058,50.0081074,7.833987976,41.80612472,7.930891784,32.13485699,7.837294589,17.01317687
7.549791583,72.01047609,7.612653307,65.28630171,7.683843687,58.07372766,7.773667335,50.43942166,7.878689379,42.14869473,7.976204409,32.37319489,7.88311022,17.09937036
7.592649299,72.70027042,7.655887776,65.89192113,7.727486974,58.59029424,7.817805611,50.86975248,7.923390782,42.49056157,8.021517034,32.61126845,7.928925852,17.18534576
7.635507014,73.3871828,7.699122244,66.49563157,7.771130261,59.1059577,7.861943888,51.29906788,7.968092184,42.83165117,8.066829659,32.84905878,7.974741483,17.27110065
7.678364729,74.07139863,7.742356713,67.09718183,7.814773547,59.62066887,7.906082164,51.7273359,8.012793587,43.17188944,8.112142285,33.08654696,8.020557114,17.35663265
7.721222445,74.753113,7.785591182,67.69637732,7.858416834,60.13437861,7.950220441,52.15452457,8.05749499,43.51120233,8.15745491,33.32371407,8.066372745,17.44193855
7.76408016,75.43252101,7.828825651,68.2932771,7.90206012,60.64703775,7.994358717,52.58060196,8.102196393,43.84951592,8.202767535,33.56054123,8.112188377,17.5270127
7.806937876,76.10981774,7.87206012,68.88801128,7.945703407,61.15859712,8.038496994,53.00554675,8.146897796,44.18679337,8.24808016,33.7970095,8.158004008,17.61184896
7.849795591,76.78519828,7.915294589,69.48071,7.989346693,61.66900758,8.082635271,53.42936194,8.191599198,44.52307906,8.293392786,34.03310005,8.203819639,17.69644118
7.892653307,77.45885774,7.958529058,70.07150338,8.03298998,62.17821489,8.126773547,53.85205395,8.236300601,44.85842819,8.338705411,34.26879478,8.249635271,17.78078322
7.935511022,78.13094734,8.001763527,70.66052154,8.076633267,62.68614044,8.170911824,54.2736292,8.281002004,45.19289598,8.384018036,34.50407608,8.295450902,17.86486894
7.978368737,78.8014256,8.044997996,71.24789461,8.120276553,63.19269835,8.2150501,54.6940941,8.325703407,45.5265376,8.429330661,34.73892639,8.341266533,17.94869218
8.021226453,79.47019808,8.088232465,71.8337527,8.16391984,63.69780272,8.259188377,55.11345508,8.37040481,45.85940827,8.474643287,34.9733281,8.387082164,18.03224681
8.064084168,80.13717033,8.131466934,72.41818998,8.207563126,64.20136763,8.303326653,55.53171856,8.415106212,46.19156317,8.519955912,35.20726365,8.432897796,18.11552668
8.106941884,80.80224792,8.174701403,73.00118564,8.251206413,64.70330719,8.34746493,55.94889094,8.459807615,46.52305752,8.565268537,35.44071543,8.478713427,18.19852564
8.149799599,81.4653364,8.217935872,73.58269589,8.294849699,65.20353551,8.391603206,56.36497659,8.504509018,46.85394438,8.610581162,35.67366588,8.524529058,18.28123693
8.192657315,82.12634134,8.261170341,74.16267695,8.338492986,65.70196667,8.435741483,56.77996595,8.549210421,47.18423344,8.655893788,35.90609741,8.570344689,18.36365196
8.23551503,82.7851683,8.30440481,74.74108505,8.382136273,66.19852028,8.47987976,57.19384371,8.593911824,47.51389383,8.701206413,36.13799257,8.616160321,18.44576182
8.278372745,83.44173692,8.347639279,75.3178764,8.425779559,66.69319163,8.524018036,57.60659455,8.638613226,47.84289314,8.746519038,36.36934023,8.661975952,18.52755758
8.321230461,84.09606297,8.390873747,75.89300722,8.469422846,67.18603099,8.568156313,58.01820317,8.683314629,48.17119894,8.791831663,36.60013789,8.707791583,18.60903031
8.364088176,84.74820229,8.434108216,76.46643374,8.513066132,67.67708987,8.612294589,58.42865424,8.728016032,48.4987788,8.837144289,36.83038368,8.753607214,18.69017111
8.406945892,85.39821087,8.477342685,77.0381122,8.556709419,68.1664198,8.656432866,58.83793245,8.772717435,48.82560032,8.882456914,37.06007574,8.799422846,18.77097105
8.449803607,86.04614469,8.520577154,77.60799926,8.600352705,68.6540723,8.700571142,59.24602248,8.817418838,49.15163106,8.927769539,37.28921218,8.845238477,18.85142121
8.492661323,86.69205975,8.563811623,78.17605189,8.643995992,69.14009889,8.744709419,59.65290901,8.86212024,49.4768386,8.973082164,37.51779115,8.891054108,18.93151267
8.535519038,87.33601201,8.607046092,78.74222708,8.687639279,69.62455107,8.788847695,60.05857668,8.906821643,49.80119062,9.01839479,37.74581076,8.936869739,19.0112365
8.578376754,87.97805748,8.650280561,79.3064818,8.731282565,70.10748038,8.832985972,60.46300978,8.951523046,50.12466979,9.063707415,37.97326915,8.982685371,19.09058393
8.621234469,88.61825212,8.69351503,79.86877303,8.774925852,70.58893666,8.877124248,60.86619247,8.996224449,50.44729051,9.10902004,38.20016445,9.028501002,19.16955207
8.664092184,89.25662743,8.736749499,80.42905775,8.818569138,71.06894994,8.921262525,61.26810892,9.040925852,50.76907118,9.154332665,38.42649483,9.074316633,19.24814596
8.7069499,89.89313666,8.779983968,80.98729294,8.862212425,71.54753739,8.965400802,61.6687433,9.085627255,51.09003021,9.199645291,38.65226004,9.120132265,19.32637123
8.749807615,90.52771752,8.823218437,81.54343557,8.905855711,72.02471592,9.009539078,62.06807976,9.130328657,51.41018601,9.244957916,38.87746171,9.165947896,19.40423347
8.792665331,91.1603077,8.866452906,82.09744401,8.949498998,72.50050246,9.053677355,62.46610247,9.17503006,51.729557,9.290270541,39.1021016,9.211763527,19.48173831
8.835523046,91.79084488,8.909687375,82.64930543,8.993142285,72.97491394,9.097815631,62.86279559,9.219731463,52.04816159,9.335583166,39.32618147,9.257579158,19.55889135
8.878380762,92.41926676,8.952921844,83.19903444,9.036785571,73.44796729,9.141953908,63.25814328,9.264432866,52.36601818,9.380895792,39.54970307,9.30339479,19.63569821
8.921238477,93.04551103,8.996156313,83.74664673,9.080428858,73.91967942,9.186092184,63.65212983,9.309134269,52.6831452,9.426208417,39.77266816,9.349210421,19.71216449
8.964096192,93.66951538,9.039390782,84.292158,9.124072144,74.39006728,9.230230461,64.0447716,9.353835671,52.99956085,9.471521042,39.9950785,9.395026052,19.78829582
9.006953908,94.29121749,9.082625251,84.83558393,9.167715431,74.85914778,9.274368737,64.43615996,9.398537074,53.31525132,9.516833667,40.21693583,9.440841683,19.8640978
9.049811623,94.91055643,9.125859719,85.37694021,9.211358717,75.32691029,9.318507014,64.82639697,9.443238477,53.63013516,9.562146293,40.43824191,9.486657315,19.93957604
9.092669339,95.52748553,9.169094188,85.91624255,9.255002004,75.79325271,9.362645291,65.2155847,9.48793988,53.94412237,9.607458918,40.6589985,9.532472946,20.01473648
9.135527054,96.14196665,9.212328657,86.45350662,9.298645291,76.25805396,9.406783567,65.60382524,9.532641283,54.25712293,9.652771543,40.87920914,9.578288577,20.08958702
9.17838477,96.75396177,9.255563126,86.98874813,9.342288577,76.72119297,9.450921844,65.99122063,9.577342685,54.56904685,9.698084168,41.09889431,9.624104208,20.16413631
9.221242485,97.36343286,9.298797595,87.52198791,9.385931864,77.18254865,9.49506012,66.37787296,9.622044088,54.87980411,9.743396794,41.31808393,9.66991984,20.23839299
9.2641002,97.97034191,9.342032064,88.05329389,9.42957515,77.64199994,9.539198397,66.76388429,9.666745491,55.1893047,9.788709419,41.53680797,9.715735471,20.31236572
9.306957916,98.57465088,9.385266533,88.58275921,9.473218437,78.09942575,9.583336673,67.1493567,9.711446894,55.49745861,9.834022044,41.75509643,9.761551102,20.38606313
9.349815631,99.17632175,9.428501002,89.11047726,9.516861723,78.55470501,9.62747495,67.53439225,9.756148297,55.80417583,9.879334669,41.97297931,9.807366733,20.45949387
9.392673347,99.7753165,9.471735471,89.63654144,9.56050501,79.00771664,9.671613226,67.9190622,9.800849699,56.10936636,9.924647295,42.1904866,9.853182365,20.53266659
9.435531062,100.3715971,9.51496994,90.16104511,9.604148297,79.45833957,9.715751503,68.3032305,9.845551102,56.41294625,9.96995992,42.4076483,9.898997996,20.60558993
9.478388778,100.9651331,9.558204409,90.68408168,9.647791583,79.90647668,9.75988978,68.68667559,9.890252505,56.71496834,10.01527255,42.62449439,9.944813627,20.67827254
9.521246493,101.5559996,9.601438878,91.20574453,9.69143487,80.35223848,9.804028056,69.06917567,9.934953908,57.01562063,10.06058517,42.84105488,9.990629259,20.75072307
9.564104208,102.1443501,9.644673347,91.72612704,9.735078156,80.79584199,9.848166333,69.45050892,9.979655311,57.31509686,10.1058978,43.05735975,10.03644489,20.82295016
9.606961924,102.7303396,9.687907816,92.2453226,9.778721443,81.23750511,9.892304609,69.83045352,10.02435671,57.6135908,10.15121042,43.27343878,10.08226052,20.89496204
9.649819639,103.3141234,9.731142285,92.76342401,9.822364729,81.67744571,9.936442886,70.20878765,10.06905812,57.9112962,10.19652305,43.48929432,10.12807615,20.9667566
9.692677355,103.8958566,9.774376754,93.28045745,9.866008016,82.11588169,9.980581162,70.5852895,10.11375952,58.20840681,10.24183567,43.70487507,10.17389178,21.03832101
9.73553507,104.4756943,9.817611222,93.79632247,9.909651303,82.55303094,10.02471944,70.95973724,10.15846092,58.5051164,10.2871483,43.92012352,10.21970741,21.10964193
9.778392786,105.0537917,9.860845691,94.31090442,9.953294589,82.98911134,10.06885772,71.33190908,10.20316232,58.8016187,10.33246092,44.13498215,10.26552305,21.18070605
9.821250501,105.6303041,9.90408016,94.82408867,9.996937876,83.42434078,10.11299599,71.70158318,10.24786373,59.09810749,10.37777355,44.34939346,10.31133868,21.25150004
9.864108216,106.2053864,9.947314629,95.33576058,10.04058116,83.85893716,10.15713427,72.06857721,10.29256513,59.39477651,10.42308617,44.56329994,10.35715431,21.32201055
9.906965932,106.779194,9.990549098,95.8458055,10.08422445,84.29311835,10.20127255,72.43296473,10.33726653,59.69181953,10.4683988,44.77664406,10.40296994,21.39222428
9.949823647,107.3518588,10.03378357,96.3541088,10.12786774,84.72708409,10.24541082,72.79492138,10.38196794,59.98936878,10.51371142,44.98936832,10.44878557,21.46212788
9.992681363,107.9233362,10.07701804,96.86055584,10.17151102,85.16079991,10.2895491,73.15462303,10.42666934,60.2872609,10.55902405,45.20141521,10.4946012,21.53170803
10.03553908,108.4934998,10.12025251,97.36503198,10.21515431,85.59406851,10.33368737,73.51224558,10.47137074,60.58524376,10.60433667,45.41272722,10.54041683,21.60095139
10.07839679,109.0622227,10.16348697,97.86742258,10.2587976,86.02668929,10.37782565,73.86796492,10.51607214,60.88306523,10.6496493,45.62324682,10.58623246,21.66984465
10.12125451,109.6293783,10.20672144,98.367613,10.30244088,86.45846164,10.42196393,74.22195693,10.56077355,61.18047318,10.69496192,45.83291653,10.6320481,21.73837447
10.16411222,110.1948397,10.24995591,98.86549104,10.34608417,86.88918496,10.4661022,74.5743975,10.60547495,61.47721547,10.74027455,46.04169858,10.67786373,21.80652779
10.20696994,110.7584801,10.29319038,99.36095059,10.38972745,87.31865867,10.51024048,74.92546252,10.65017635,61.77303997,10.78558717,46.24961221,10.72367936,21.87430247
10.24982766,111.3201727,10.33642485,99.8538865,10.43337074,87.74668214,10.55437876,75.27532788,10.69487776,62.06769454,10.8308998,46.45668689,10.76949499,21.94171092
10.29268537,111.8797907,10.37965932,100.3441936,10.47701403,88.17305479,10.59851703,75.62416947,10.73957916,62.36092705,10.87621242,46.6629521,10.81531062,22.00876658
10.33554309,112.4372074,10.42289379,100.8317668,10.52065731,88.59757602,10.64265531,75.97216317,10.78428056,62.65248537,10.92152505,46.86843731,10.86112625,22.0754829
10.3784008,112.9922958,10.46612826,101.316501,10.5643006,89.02004522,10.68679359,76.31946581,10.82898196,62.94211737,10.96683768,47.073172,10.90694188,22.1418733
10.42125852,113.5449294,10.50936273,101.7982909,10.60794389,89.44026179,10.73093186,76.66610748,10.87368337,63.2295709,11.0121503,47.27718564,10.95275752,22.20795122
10.46411623,114.0949896,10.55259719,102.2770314,10.65158717,89.85806117,10.77507014,77.01206665,10.91838477,63.51463996,11.05746293,47.4805077,10.99857315,22.2737301
10.50697395,114.6423736,10.59583166,102.7526174,10.69523046,90.27344474,10.81920842,77.35732163,10.96308617,63.79740178,11.10277555,47.68316767,11.04438878,22.33922338
10.54983166,115.18698,10.63906613,103.2249438,10.73887375,90.68646173,10.86334669,77.70185074,11.00778758,64.07804105,11.14808818,47.88519501,11.09020441,22.40444449
10.59268938,115.7287078,10.6823006,103.6939054,10.78251703,91.09716131,10.90748497,78.04563228,11.05248898,64.35674267,11.1934008,48.08661921,11.13602004,22.46940686
10.63554709,116.2674556,10.72553507,104.1593971,10.82616032,91.50559268,10.95162325,78.38864456,11.09719038,64.63369154,11.23871343,48.28746974,11.18183567,22.53412394
10.67840481,116.8031222,10.76876954,104.6213957,10.86980361,91.91180506,10.99576152,78.73086589,11.14189178,64.90907256,11.28402605,48.48777605,11.2276513,22.59860916
10.72126253,117.3356065,10.81200401,105.0801019,10.91344689,92.31584763,11.0398998,79.07227459,11.18659319,65.18307064,11.32933868,48.68755559,11.27346693,22.66287596
10.76412024,117.8648072,10.85523848,105.5357544,10.95709018,92.71776959,11.08403808,79.41284896,11.23129459,65.45587067,11.3746513,48.88678879,11.31928257,22.72693747
10.80697796,118.390623,10.89847295,105.9885918,11.00073347,93.11762014,11.12817635,79.75256731,11.27599599,65.72765755,11.41996393,49.08544901,11.3650982,22.79079656
10.84983567,118.9129529,10.94170741,106.4388527,11.04437675,93.51544847,11.17231463,80.09140795,11.32069739,65.99861619,11.46527655,49.28350963,11.41091383,22.85444343
10.89269339,119.4316955,10.98494188,106.8867759,11.08802004,93.91130379,11.21645291,80.42934918,11.3653988,66.26893148,11.51058918,49.48094401,11.45672946,22.91786752
10.9355511,119.9467496,11.02817635,107.3325999,11.13166333,94.3052353,11.26059118,80.76636158,11.4101002,66.53878832,11.5559018,49.67772552,11.50254509,22.98105829
10.97840882,120.4580617,11.07141082,107.7765635,11.17530661,94.69729204,11.30472946,81.10239568,11.4548016,66.80837162,11.60121443,49.87382752,11.54836072,23.04400515
11.02126653,120.9658392,11.11464529,108.2189054,11.2189499,95.08751546,11.34886774,81.43739879,11.49950301,67.07785254,11.64652705,50.06922339,11.59417635,23.10669755
11.06412425,121.4703784,11.15787976,108.6598641,11.26259319,95.47593568,11.39300601,81.77131823,11.54420441,67.3472386,11.69183968,50.26388649,11.63999198,23.16912493
11.10698196,121.9719757,11.20111423,109.0996783,11.30623647,95.86258195,11.43714429,82.10410132,11.58890581,67.61642986,11.7371523,50.45779019,11.68580762,23.23127673
11.14983968,122.4709273,11.2443487,109.5385868,11.34987976,96.2474835,11.48128257,82.43569538,11.63360721,67.8853245,11.78246493,50.65090786,11.73162325,23.29314238
11.19269739,122.9675296,11.28758317,109.9768279,11.39352305,96.63066957,11.52542084,82.76604771,11.67830862,68.15382071,11.82777756,50.84321286,11.77743888,23.35471132
11.23555511,123.4620789,11.33081764,110.4145545,11.43716633,97.01216938,11.56955912,83.09510565,11.72301002,68.42181667,11.87309018,51.03467857,11.82325451,23.415973
11.27841283,123.9548716,11.3740521,110.8517157,11.48080962,97.39201219,11.61369739,83.4228165,11.76771142,68.68921056,11.91840281,51.22527843,11.86907014,23.47691685
11.32127054,124.4462039,11.41728657,111.2882305,11.52445291,97.7702272,11.65783567,83.74912758,11.81241283,68.95590057,11.96371543,51.41500989,11.91488577,23.5375323
11.36412826,124.9363723,11.46052104,111.724018,11.56809619,98.14684368,11.70197395,84.0739862,11.85711423,69.22178486,12.00902806,51.60392608,11.9607014,23.59780879
11.40698597,125.4256729,11.50375551,112.1589971,11.61173948,98.52189084,11.74611222,84.39733969,11.90181563,69.48676163,12.05434068,51.79208802,12.00651703,23.65773693
11.44984369,125.9144022,11.54698998,112.593087,11.65538277,98.89539792,11.7902505,84.71913536,11.94651703,69.75072906,12.09965331,51.97955676,12.05233267,23.71731588
11.4927014,126.4028565,11.59022445,113.0262067,11.69902605,99.26739415,11.83438878,85.03932608,11.99121844,70.01358533,12.14496593,52.16639332,12.0981483,23.7765487
11.53555912,126.89131,11.63345892,113.4582753,11.74266934,99.63790878,11.87852705,85.35790862,12.03591984,70.27522862,12.19027856,52.35265874,12.14396393,23.83543849
11.57841683,127.3796992,11.67669339,113.8892119,11.78631263,100.0069675,11.92266533,85.67490062,12.08062124,70.53555712,12.23559118,52.53841405,12.18977956,23.89398831
11.62127455,127.8676988,11.71992786,114.3189354,11.82995591,100.3745723,11.96680361,85.99031983,12.12532265,70.79448162,12.28090381,52.72372029,12.23559519,23.95220126
11.66413226,128.3549763,11.76316232,114.7473649,11.8735992,100.7407157,12.01094188,86.30418402,12.17002405,71.05200919,12.32621643,52.90863848,12.28141082,24.01008041
11.70698998,128.8411995,11.80639679,115.1744196,11.91724248,101.1053899,12.05508016,86.61651095,12.21472545,71.30819126,12.37152906,53.09322966,12.32722645,24.06762884
11.7498477,129.3260359,11.84963126,115.6000184,11.96088577,101.4685874,12.09921844,86.92731838,12.25942685,71.56307947,12.41684168,53.27755487,12.37304208,24.12484964
11.79270541,129.8091532,11.89286573,116.0240814,12.00452906,101.8303004,12.14335671,87.23662406,12.30412826,71.81672548,12.46215431,53.46167513,12.41885772,24.18174588
11.83556313,130.2902191,11.9361002,116.4465487,12.04817234,102.1905213,12.18749499,87.54444576,12.34882966,72.06918094,12.50746693,53.64565148,12.46467335,24.23832066
11.87842084,130.7689011,11.97933467,116.8673789,12.09181563,102.5492424,12.23163327,87.85080124,12.39353106,72.32049751,12.55277956,53.82954495,12.51048898,24.29457704
11.92127856,131.2448668,12.02256914,117.2865313,12.13545892,102.9064562,12.27577154,88.15570825,12.43823246,72.57072683,12.59809218,54.01341517,12.55630461,24.35051812
11.96413627,131.7177841,12.06580361,117.7039654,12.1791022,103.2621549,12.31990982,88.45918456,12.48293387,72.81992056,12.64340481,54.19726723,12.60212024,24.40614697
12.00699399,132.1873203,12.10903808,118.1196404,12.22274549,103.6163309,12.3640481,88.76124794,12.52763527,73.06813036,12.68871743,54.38103516,12.64793587,24.46146667
12.0498517,132.6531433,12.15227255,118.5335156,12.26638878,103.9689765,12.40818637,89.06191612,12.57233667,73.31540787,12.73403006,54.56464827,12.6937515,24.51648031
12.09270942,133.1149206,12.19550701,118.9455505,12.31003206,104.3200841,12.45232465,89.36120667,12.61703808,73.56180475,12.77934269,54.74803584,12.73956713,24.57119091
12.13556713,133.5723422,12.23874148,119.3557043,12.35367535,104.6696461,12.49646293,89.65913225,12.66173948,73.80737265,12.82465531,54.93112716,12.78538277,24.62560142
12.17842485,134.025437,12.28197595,119.7639364,12.39731864,105.0176559,12.5406012,89.95570072,12.70644088,74.05216323,12.86996794,55.11385154,12.8311984,24.67971478
12.22128257,134.474497,12.32521042,120.1702062,12.44096192,105.364123,12.58473948,90.25091976,12.75114228,74.29622814,12.91528056,55.29613825,12.87701403,24.73353392
12.26414028,134.9198214,12.36844489,120.5744729,12.48460521,105.7090683,12.62887776,90.54479701,12.79584369,74.53960628,12.96059319,55.4779166,12.92282966,24.78706178
12.306998,135.361709,12.41167936,120.9766959,12.5282485,106.0525129,12.67301603,90.83734015,12.84054509,74.78228934,13.00590581,55.65911588,12.96864529,24.84030129
12.34985571,135.800459,12.45491383,121.3768346,12.57189178,106.3944779,12.71715431,91.12855683,12.88524649,75.02425804,13.05121844,55.83966537,13.01446092,24.89325539
12.39271343,136.2363703,12.4981483,121.7748483,12.61553507,106.7349845,12.76129259,91.41845473,12.9299479,75.26549315,13.09653106,56.01949438,13.06027655,24.94592702
12.43557114,136.669742,12.54138277,122.1707009,12.65917836,107.0740538,12.80543086,91.7070415,12.9746493,75.5059754,13.14184369,56.19853219,13.10609218,24.99831911
12.47842886,137.100873,12.58461723,122.564367,12.70282164,107.4117069,12.84956914,91.99432481,13.0193507,75.74568553,13.18715631,56.3767081,13.15190782,25.05043461
12.52128657,137.5300625,12.6278517,122.9558224,12.74646493,107.7479649,12.89370741,92.28031232,13.0640521,75.98460428,13.23246894,56.55395139,13.19772345,25.10227643
12.56414429,137.9576094,12.67108617,123.3450431,12.79010822,108.082849,12.93784569,92.56501169,13.10875351,76.22271241,13.27778156,56.73019146,13.24353908,25.15384753
12.607002,138.3838127,12.71432064,123.7320051,12.8337515,108.4163802,12.98198397,92.84843059,13.15345491,76.45999064,13.32309419,56.90538553,13.28935471,25.20515084
12.64985972,138.8089714,12.75755511,124.1166842,12.87739479,108.7485798,13.02612224,93.13057668,13.19815631,76.69641973,13.36840681,57.07955811,13.33517034,25.25618929
12.69271743,139.2333846,12.80078958,124.4990565,12.92103808,109.0794688,13.07026052,93.41145763,13.24285772,76.93198042,13.41371944,57.2527437,13.38098597,25.30696583
12.73557515,139.6573513,12.84402405,124.879098,12.96468136,109.4090684,13.1143988,93.69108137,13.28755912,77.16665344,13.45903206,57.42497677,13.4268016,25.35748337
12.77843287,140.0811468,12.88725852,125.2567844,13.00832465,109.7373997,13.15853707,93.96947301,13.33226052,77.40041955,13.50434469,57.5962918,13.47261723,25.40774374
12.82129058,140.5047676,12.93049299,125.6320919,13.05196794,110.0644829,13.20267535,94.2466848,13.37696192,77.63325948,13.54965731,57.76672328,13.51843287,25.45774579
12.8641483,140.9280287,12.97372745,126.0049963,13.09561122,110.3903157,13.24681363,94.52277139,13.42166333,77.86515398,13.59496994,57.93630569,13.5642485,25.50748796
12.90700601,141.350742,13.01696192,126.3754736,13.13925451,110.7148736,13.2909519,94.79778742,13.46636473,78.0960852,13.64028257,58.1050735,13.61006413,25.55696864
12.94986373,141.7727195,13.06019639,126.7434998,13.1828978,111.0381315,13.33509018,95.07178754,13.51106613,78.32605715,13.68559519,58.2730612,13.65587976,25.60618625
12.99272144,142.1937732,13.10343086,127.1090507,13.22654108,111.3600639,13.37922846,95.3448264,13.55576754,78.55509117,13.73090782,58.44030328,13.70169539,25.65513921
13.03557916,142.6137148,13.14666533,127.4721024,13.27018437,111.6806455,13.42336673,95.61695863,13.60046894,78.78320906,13.77622044,58.60683421,13.74751102,25.70382593
13.07843687,143.0323565,13.1898998,127.832648,13.31382766,111.9998509,13.46750501,95.88823889,13.64517034,79.0104326,13.82153307,58.77268847,13.79332665,25.75224481
13.12129459,143.4495101,13.23313427,128.1907682,13.35747094,112.3176549,13.51164329,96.15872182,13.68987174,79.23678361,13.86684569,58.93790055,13.83914228,25.80039428
13.1641523,143.8649876,13.27636874,128.5465709,13.40111423,112.634032,13.55578156,96.42846207,13.73457315,79.46228388,13.91215832,59.10250493,13.88495792,25.84827274
13.20701002,144.2786008,13.31960321,128.9001641,13.44475752,112.948957,13.59991984,96.69751427,13.77927455,79.6869552,13.95747094,59.26653608,13.93077355,25.89587861
13.24986774,144.6901618,13.36283768,129.2516558,13.4884008,113.2624044,13.64405812,96.96593308,13.82397595,79.91081938,14.00278357,59.43002849,13.97658918,25.9432103
13.29272545,145.0994824,13.40607214,129.6011541,13.53204409,113.574349,13.68819639,97.23377314,13.86867735,80.13389821,14.04809619,59.59300797,14.02240481,25.99026622
13.33558317,145.5063746,13.44930661,129.9487668,13.57568737,113.8847653,13.73233467,97.5010891,13.91337876,80.3562135,14.09340882,59.75547146,14.06822044,26.03704478
13.37844088,145.9106504,13.49254108,130.294602,13.61933066,114.1936281,13.77647295,97.7679356,13.95808016,80.57778703,14.13872144,59.91740989,14.11403607,26.0835444
13.4212986,146.3121216,13.53577555,130.6387678,13.66297395,114.5009121,13.82061122,98.0343639,14.00278156,80.79864062,14.18403407,60.07881421,14.1598517,26.12976349
13.46415631,146.7106505,13.57901002,130.9813721,13.70661723,114.8065917,13.8647495,98.30033399,14.04748297,81.01879605,14.22934669,60.23967535,14.20566733,26.17570047
13.50701403,147.1062827,13.62224449,131.3225229,13.75026052,115.1106434,13.90888778,98.56570635,14.09218437,81.23827512,14.27465932,60.39998425,14.25148297,26.22135369
13.54987174,147.4991057,13.66547896,131.6623282,13.79390381,115.4130592,13.95302605,98.83033641,14.13688577,81.45709965,14.31997194,60.55973185,14.2972986,26.26672149
13.59272946,147.8892072,13.70871343,132.0008961,13.83754709,115.7138412,13.99716433,99.09407964,14.18158717,81.67529034,14.36528457,60.71890909,14.34311423,26.31180221
13.63558717,148.2766746,13.7519479,132.3383345,13.88119038,116.0129914,14.04130261,99.35679148,14.22628858,81.8928412,14.41059719,60.87750691,14.38892986,26.35659418
13.67844489,148.6615955,13.79518236,132.6747514,13.92483367,116.3105117,14.08544088,99.61832738,14.27098998,82.10971828,14.45590982,61.03551625,14.43474549,26.40109573
13.72130261,149.0440575,13.83841683,133.0102548,13.96847695,116.6064044,14.12957916,99.87854278,14.31569138,82.32588633,14.50122244,61.19292805,14.48056112,26.44530519
13.76416032,149.4241482,13.8816513,133.3449399,14.01212024,116.9006713,14.17371743,100.1372931,14.36039279,82.54131007,14.54653507,61.34973324,14.52637675,26.48922091
13.80701804,149.8019549,13.92488577,133.6787821,14.05576353,117.1933147,14.21785571,100.3944339,14.40509419,82.75595426,14.5918477,61.50592277,14.57219238,26.5328412
13.84987575,150.1775654,13.96812024,134.0116924,14.09940681,117.4843364,14.26199399,100.6498206,14.44979559,82.96978362,14.63716032,61.66148757,14.61800802,26.57616441
13.89273347,150.5510672,14.01135471,134.3435811,14.1430501,117.7737386,14.30613226,100.9033085,14.49449699,83.18276289,14.68247295,61.81641859,14.66382365,26.61918887
13.93559118,150.9225478,14.05458918,134.6743585,14.18669339,118.0615234,14.35027054,101.1547532,14.5391984,83.39485682,14.72778557,61.97070676,14.70963928,26.6619129
13.9784489,151.2920948,14.09782365,135.0039348,14.23033667,118.3476927,14.39440882,101.4040101,14.5838998,83.60603014,14.7730982,62.12434308,14.75545491,26.70433485
14.02130661,151.6597957,14.14105812,135.3322205,14.27397996,118.6322486,14.43854709,101.6509346,14.6286012,83.81624758,14.81841082,62.27732375,14.80127054,26.74645305
14.06416433,152.0257381,14.18429259,135.6591257,14.31762325,118.9151932,14.48268537,101.8953823,14.67330261,84.0254739,14.86372345,62.42965406,14.84708617,26.78826582
14.10702204,152.3900095,14.22752705,135.9845608,14.36126653,119.1965285,14.52682365,102.1372087,14.71800401,84.23367382,14.90903607,62.58134019,14.8929018,26.8297715
14.14987976,152.7526887,14.27076152,136.308436,14.40490982,119.4762566,14.57096192,102.3763537,14.76270541,84.44081209,14.9543487,62.73238834,14.93871743,26.87096843
14.19273747,153.113762,14.31399599,136.6306618,14.44855311,119.7543795,14.6151002,102.6129706,14.80740681,84.64685343,14.99966132,62.88280469,14.98453307,26.91185502
14.23559519,153.4731609,14.35723046,136.9511482,14.49219639,120.0309067,14.65923848,102.8472462,14.85210822,84.8517626,15.04497395,63.03259544,15.0303487,26.95243112
14.27845291,153.8308163,14.40046493,137.2698058,14.53583968,120.3058643,14.70337675,103.0793672,14.89680962,85.05550433,15.09028657,63.18176679,15.07616433,26.99269793
14.32131062,154.186659,14.4436994,137.5865447,14.57948297,120.5792805,14.74751503,103.3095203,14.94151102,85.25804978,15.1355992,63.33032492,15.12197996,27.03265671
14.36416834,154.5406197,14.48693387,137.9012752,14.62312625,120.8511838,14.79165331,103.5378923,14.98621242,85.45940202,15.18091182,63.47827602,15.16779559,27.0723087
14.40702605,154.8926293,14.53016834,138.2139077,14.66676954,121.1216024,14.83579158,103.7646699,15.03091383,85.65957395,15.22622445,63.62562629,15.21361122,27.11165513
14.44988377,155.2426186,14.57340281,138.5243524,14.71041283,121.3905647,14.87992986,103.9900397,15.07561523,85.85857851,15.27153707,63.77238193,15.25942685,27.15069727
14.49274148,155.5905184,14.61663727,138.8325472,14.75405611,121.6580991,14.92406814,104.2141886,15.12031663,86.0564286,15.3168497,63.91854911,15.30524248,27.18943635
14.5355992,155.9362595,14.65987174,139.1385171,14.7976994,121.9242338,14.96820641,104.4373032,15.16501804,86.25313715,15.36216232,64.06413404,15.35105812,27.22787361
14.57845691,156.2797726,14.70310621,139.442304,14.84134269,122.1889971,15.01234469,104.6595703,15.20971944,86.44871708,15.40747495,64.20914291,15.39687375,27.26601031
14.62131463,156.6209887,14.74634068,139.7439501,14.88498597,122.4524176,15.05648297,104.8811766,15.25442084,86.64318131,15.45278758,64.3535819,15.44268938,27.3038477
14.66417234,156.9598384,14.78957515,140.0434974,14.92862926,122.7145233,15.10062124,105.1023089,15.29912224,86.83654276,15.4981002,64.49745721,15.48850501,27.341387
14.70703006,157.2962527,14.83280962,140.3409881,14.97227255,122.9753428,15.14475952,105.3231538,15.34382365,87.02881434,15.54341283,64.64077504,15.53432064,27.37862948
14.74988778,157.6301622,14.87604409,140.6364642,15.01591583,123.2349043,15.1888978,105.5438981,15.38852505,87.22000899,15.58872545,64.78354012,15.58013627,27.41557637
14.79274549,157.9614979,14.91927856,140.9299678,15.05955912,123.4932362,15.23303607,105.7647285,15.43322645,87.41013961,15.63403808,64.92575258,15.6259519,27.45222892
14.83560321,158.2901905,14.96251303,141.2215411,15.1032024,123.7503667,15.27717435,105.9858317,15.47792786,87.59921914,15.6793507,65.06741161,15.67176754,27.48858838
14.87846092,158.61618,15.00574749,141.511226,15.14684569,124.0063243,15.32131263,106.2073485,15.52262926,87.78726048,15.72466333,65.2085164,15.71758317,27.524656
14.92131864,158.9395143,15.04898196,141.7990647,15.19048898,124.2611372,15.3654509,106.4291961,15.56733066,87.97427656,15.76997595,65.34906617,15.7633988,27.56043299
14.96417635,159.2603112,15.09221643,142.0850993,15.23413226,124.5148195,15.40958918,106.6512245,15.61203206,88.1602803,15.81528858,65.48906009,15.80921443,27.59591904
15.00703407,159.5786898,15.1354509,142.3693718,15.27777555,124.7673575,15.45372745,106.8732834,15.65673347,88.34528462,15.8606012,65.62849738,15.85503006,27.63111113
15.04989178,159.8947692,15.17868537,142.6519244,15.32141884,125.0187339,15.49786573,107.0952225,15.70143487,88.52930345,15.90591383,65.76737723,15.90084569,27.66600601
15.0927495,160.2086685,15.22191984,142.9327991,15.36506212,125.2689317,15.54200401,107.3168917,15.74613627,88.71236095,15.95122645,65.90569883,15.94666132,27.7006004
15.13560721,160.5205068,15.26515431,143.212038,15.40870541,125.5179337,15.58614228,107.5381407,15.79083768,88.89448732,15.99653908,66.04346138,15.99247695,27.73489102
15.17846493,160.8304032,15.30838878,143.4896832,15.4523487,125.7657227,15.63028056,107.7588193,15.83553908,89.07571278,16.0418517,66.18066408,16.03829259,27.7688746
15.22132265,161.1384767,15.35162325,143.7657731,15.49599198,126.0122816,15.67441884,107.9787774,15.88024048,89.2560676,16.08716433,66.31730613,16.08410822,27.80254788
15.26418036,161.4448464,15.39485772,144.0403293,15.53963527,126.2575933,15.71855711,108.1978646,15.92494188,89.43558202,16.13247695,66.45338672,16.12992385,27.83590758
15.30703808,161.7496315,15.43809218,144.3133687,15.58327856,126.5016406,15.76269539,108.4159309,15.96964329,89.6142863,16.17778958,66.58890505,16.17573948,27.86895043
15.34989579,162.052951,15.48132665,144.5849083,15.62692184,126.7444064,15.80683367,108.6328258,16.01434469,89.79221067,16.2231022,66.72386032,16.22155511,27.90167315
15.39275351,162.3549239,15.52456112,144.8549652,15.67056513,126.9858735,15.85097194,108.8483994,16.05904609,89.9693854,16.26841483,66.85825173,16.26737074,27.93407249
15.43561122,162.6556694,15.56779559,145.1235562,15.71420842,127.2260248,15.89511022,109.0625012,16.10374749,90.14584073,16.31372745,66.99207847,16.31318637,27.96614515
15.47846894,162.9553066,15.61103006,145.3906984,15.7578517,127.4648431,15.9392485,109.2749812,16.1484489,90.3216069,16.35904008,67.12533934,16.359002,27.99788788
15.52132665,163.2539545,15.65426453,145.6564087,15.80149499,127.7023113,15.98338677,109.485689,16.1931503,90.49671418,16.40435271,67.25802803,16.40481764,28.0292974
15.56418437,163.5517322,15.697499,145.9207041,15.84513828,127.9384122,16.02752505,109.6944745,16.2378517,90.6711928,16.44966533,67.39013473,16.45063327,28.06037044
15.60704208,163.8487586,15.74073347,146.1836016,15.88878156,128.1731288,16.07166333,109.9011923,16.28255311,90.84507302,16.49497796,67.52164953,16.4964489,28.09110373
15.6498998,164.1450875,15.78396794,146.445118,15.93242485,128.4064438,16.1158016,110.1058104,16.32725451,91.01838509,16.54029058,67.65256254,16.54226453,28.12149399
15.69275752,164.4406115,15.8272024,146.7052705,15.97606814,128.63834,16.15993988,110.3084138,16.37195591,91.19115925,16.58560321,67.78286386,16.58808016,28.15153986
15.73561523,164.7351991,15.87043687,146.964076,16.01971142,128.8687984,16.20407816,110.5090925,16.41665731,91.36342576,16.63091583,67.9125436,16.63389579,28.18124651
15.77847295,165.0287187,15.91367134,147.2215513,16.06335471,129.0977989,16.24821643,110.7079364,16.46135872,91.53521486,16.67622846,68.04159185,16.67971142,28.21062055
15.82133066,165.3210387,15.95690581,147.4777136,16.106998,129.325321,16.29235471,110.9050357,16.50606012,91.7065419,16.72154108,68.16999872,16.72552705,28.23966855
15.86418838,165.6120275,16.00014028,147.7325798,16.15064128,129.5513446,16.33649299,111.1004804,16.55076152,91.87736779,16.76685371,68.29775431,16.77134269,28.26839712
15.90704609,165.9015534,16.04337475,147.9861668,16.19428457,129.7758493,16.38063126,111.2943605,16.59546293,92.04764104,16.81216633,68.42484872,16.81715832,28.29681285
15.94990381,166.1894849,16.08660922,148.2384916,16.23792786,129.9988148,16.42476954,111.4867661,16.64016433,92.21731015,16.85747896,68.55127207,16.86297395,28.32492233
15.99276152,166.4756904,16.12984369,148.4895562,16.28157114,130.2202209,16.46890782,111.6777872,16.68486573,92.3863236,16.90279158,68.67701444,16.90878958,28.35273215
16.03561924,166.7600382,16.17307816,148.7393242,16.32521443,130.4400472,16.51304609,111.8675138,16.72956713,92.5546299,16.94810421,68.80206595,16.95460521,28.38024892
16.07847695,167.0423968,16.21631263,148.9877536,16.36885772,130.6582735,16.55718437,112.0560361,16.77426854,92.72217755,16.99341683,68.9264167,17.00042084,28.40747921
16.12133467,167.3226345,16.25954709,149.2348021,16.412501,130.8748795,16.60132265,112.243444,16.81896994,92.88891504,17.03872946,69.05005679,17.04623647,28.43442963
16.16419238,167.6006197,16.30278156,149.4804274,16.45614429,131.0898448,16.64546092,112.4298276,16.86367134,93.05479087,17.08404208,69.17297632,17.0920521,28.46110677
16.2070501,167.8762209,16.34601603,149.7245874,16.49978758,131.3031493,16.6895992,112.6152769,16.90837275,93.21975355,17.12935471,69.29516542,17.13786774,28.48751722
16.24990782,168.1493064,16.3892505,149.9672399,16.54343086,131.5147726,16.73373747,112.7998821,16.95307415,93.38375156,17.17466733,69.4166189,17.18368337,28.51366758
16.29276553,168.4197447,16.43248497,150.2083425,16.58707415,131.7246944,16.77787575,112.983733,16.99777555,93.5467334,17.21997996,69.53734182,17.229499,28.53956443
16.33562325,168.6874041,16.47571944,150.4478532,16.63071743,131.9328944,16.82201403,113.1669198,17.04247695,93.70864758,17.26529259,69.65734061,17.27531463,28.56521438
16.37848096,168.9521533,16.51895391,150.6857296,16.67436072,132.1393523,16.8661523,113.34952,17.08717836,93.86944259,17.31060521,69.77662169,17.32113026,28.59062401
16.42133868,169.2139253,16.56218838,150.9219297,16.71800401,132.3440479,16.91029058,113.531524,17.13187976,94.02906693,17.35591784,69.89519149,17.36694589,28.61579698
16.46419639,169.4727975,16.60542285,151.156411,16.76164729,132.5469656,16.95442886,113.7128852,17.17658116,94.18746909,17.40123046,70.01305643,17.41276152,28.64072601
16.50705411,169.728867,16.64865731,151.3891315,16.80529058,132.7481349,16.99856713,113.8935568,17.22128257,94.34459758,17.44654309,70.13022293,17.45857715,28.66540131
16.54991182,169.9822309,16.69189178,151.620049,16.84893387,132.94761,17.04270541,114.0734922,17.26598397,94.50040418,17.49185571,70.24669743,17.50439279,28.68981306
16.59276954,170.2329861,16.73512625,151.8491211,16.89257715,133.1454456,17.08684369,114.2526446,17.31068537,94.65489359,17.53716834,70.36248634,17.55020842,28.71395145
16.63562725,170.4812297,16.77836072,152.0763057,16.93622044,133.341696,17.13098196,114.4309672,17.35538677,94.80811337,17.58248096,70.47759609,17.59602405,28.73780668
16.67848497,170.7270589,16.82159519,152.3015605,16.97986373,133.5364158,17.17512024,114.6084133,17.40008818,94.96011225,17.62779359,70.59203311,17.64183968,28.76136895
16.72134269,170.9705706,16.86482966,152.5248435,17.02350701,133.7296596,17.21925852,114.7849363,17.44478958,95.110939,17.67310621,70.70580381,17.68765531,28.78462844
16.7642004,171.2118618,16.90806413,152.7461248,17.0671503,133.9214818,17.26339679,114.9604893,17.48949098,95.26064237,17.71841884,70.81891463,17.73347094,28.80757535
16.80705812,171.4510298,16.9512986,152.9654112,17.11079359,134.1119371,17.30753507,115.1350256,17.53419238,95.40927112,17.76373146,70.93137198,17.77928657,28.83019987
16.84991583,171.6881714,16.99453307,153.1827156,17.15443687,134.3010799,17.35167335,115.3084985,17.57889379,95.55687401,17.80904409,71.0431823,17.8251022,28.85249219
16.89277355,171.9233838,17.03776754,153.398051,17.19808016,134.4889647,17.39581162,115.4808613,17.62359519,95.70349978,17.85435671,71.154352,17.87091784,28.87444252
16.93563126,172.156764,17.081002,153.6114304,17.24172345,134.6756461,17.4399499,115.6520672,17.66829659,95.8491972,17.89966934,71.26488752,17.91673347,28.89604103
16.97848898,172.3884091,17.12423647,153.8228668,17.28536673,134.8611786,17.48408818,115.8220695,17.712998,95.99401502,17.94498196,71.37479476,17.9625491,28.91727793
17.02134669,172.6184161,17.16747094,154.0323733,17.32901002,135.0456168,17.52822645,115.9908214,17.7576994,96.138002,17.99029459,71.48407557,18.00836473,28.9381434
17.06420441,172.846882,17.21070541,154.2399627,17.37265331,135.2290151,17.57236473,116.1582763,17.8024008,96.2812069,18.03560721,71.59272981,18.05418036,28.95862765
17.10706212,173.073904,17.25393988,154.4456482,17.41629659,135.4114281,17.61650301,116.3243874,17.8471022,96.42367847,18.08091984,71.70075731,18.09999599,28.97872107
17.14991984,173.2995791,17.29717435,154.6494428,17.45993988,135.5929103,17.66064128,116.4891167,17.89180361,96.56546546,18.12623246,71.80815791,18.14581162,28.99842081
17.19277756,173.5239812,17.34040882,154.8513594,17.50358317,135.7735163,17.70477956,116.6524487,17.93650501,96.70661663,18.17154509,71.91493147,18.19162725,29.01773196
17.23563527,173.7470909,17.38364329,155.051411,17.54722645,135.9532892,17.74891784,116.8143717,17.98120641,96.84718074,18.21685772,72.02107782,18.23744289,29.03666007
17.27849299,173.9688655,17.42687776,155.2496106,17.59086974,136.1322014,17.79305611,116.9748738,18.02590782,96.98720655,18.26217034,72.1265968,18.28325852,29.05521068
17.3213507,174.1892622,17.47011222,155.4459713,17.63451303,136.3101982,17.83719439,117.1339432,18.07060922,97.1267313,18.30748297,72.23148826,18.32907415,29.07338936
17.36420842,174.4082384,17.51334669,155.6405061,17.67815631,136.4872246,17.88133267,117.2915681,18.11531062,97.26573156,18.35279559,72.33575204,18.37488978,29.09120165
17.40706613,174.6257512,17.55658116,155.8332279,17.7217996,136.6632258,17.92547094,117.4477365,18.16001202,97.404164,18.39810822,72.43938799,18.42070541,29.1086531
17.44992385,174.8417579,17.59981563,156.0241498,17.76544289,136.8381467,17.96960922,117.6024367,18.20471343,97.54198527,18.44342084,72.54239594,18.46652104,29.12574926
17.49278156,175.0562157,17.6430501,156.2132848,17.80908617,137.0119325,18.01374749,117.7556569,18.24941483,97.679152,18.48873347,72.64477574,18.51233667,29.14249568
17.53563928,175.269082,17.68628457,156.4006489,17.85272946,137.1845283,18.05788577,117.9073852,18.29411623,97.81562084,18.53404609,72.74652724,18.5581523,29.15889792
17.57849699,175.4803139,17.72951904,156.5862685,17.89637275,137.3558792,18.10202405,118.0576098,18.33881764,97.95134845,18.57935872,72.84765026,18.60396794,29.17496151
17.62135471,175.6898687,17.77275351,156.7701717,17.94001603,137.5259302,18.14616232,118.2063188,18.38351904,98.08629146,18.62467134,72.94814467,18.64978357,29.19069202
17.66421242,175.8977036,17.81598798,156.9523869,17.98365932,137.6946265,18.1903006,118.3535004,18.42822044,98.22040653,18.66998397,73.04801029,18.6955992,29.20609499
17.70707014,176.103776,17.85922244,157.1329424,18.02730261,137.8619131,18.23443888,118.4991429,18.47292184,98.35365029,18.71529659,73.14724594,18.74141483,29.22117598
17.74992786,176.308043,17.90245691,157.3118664,18.07094589,138.0277352,18.27857715,118.6432343,18.51762325,98.48597941,18.76060922,73.24584227,18.78723046,29.23594053
17.79278557,176.5104619,17.94569138,157.4891872,18.11458918,138.1920377,18.32271543,118.7857628,18.56232465,98.61735051,18.80592184,73.34378604,18.83304609,29.25039344
17.83564329,176.71099,17.98892585,157.664933,18.15823246,138.3547659,18.36685371,118.9267166,18.60702605,98.74772026,18.85123447,73.44106399,18.87886172,29.26453239
17.878501,176.9095845,18.03216032,157.8391323,18.20187575,138.5158648,18.41099198,119.0660855,18.65172745,98.87704529,18.89654709,73.53766286,18.92467735,29.27835104
17.92135872,177.1062026,18.07539479,158.0118131,18.24551904,138.6752794,18.45513026,119.2039001,18.69642886,99.00528226,18.94185972,73.6335694,18.97049299,29.29184305
17.96421643,177.3008114,18.11862926,158.1830038,18.28916232,138.8329551,18.49926854,119.3402346,18.74113026,99.1323878,18.98717234,73.72877034,19.01630862,29.30500205
18.00707415,177.493413,18.16186373,158.3527327,18.33280561,138.9888638,18.54340681,119.4751655,18.78583166,99.25831857,19.03248497,73.82325242,19.06212425,29.31782168
18.04993186,177.684018,18.2050982,158.521028,18.3764489,139.1430361,18.58754509,119.6087691,18.83053307,99.38304065,19.0777976,73.91700239,19.10793988,29.33029557
18.09278958,177.8726365,18.24833267,158.6879181,18.42009218,139.2955098,18.63168337,119.7411217,18.87523447,99.50657008,19.12311022,74.01000699,19.15375551,29.34241737
18.13564729,178.0592789,18.29156713,158.8534311,18.46373547,139.446323,18.67582164,119.8722999,18.91993587,99.62893942,19.16842285,74.10225295,19.19957114,29.35418072
18.17850501,178.2439557,18.3348016,159.0175955,18.50737876,139.5955136,18.71995992,120.0023798,18.96463727,99.75018123,19.21373547,74.19372702,19.24538677,29.36557925
18.22136273,178.426677,18.37803607,159.1804393,18.55102204,139.7431197,18.7640982,120.131438,19.00933868,99.87032806,19.2590481,74.28441594,19.2912024,29.3766066
18.26422044,178.6074533,18.42127054,159.3419909,18.59466533,139.8891793,18.80823647,120.2595508,19.05404008,99.98941247,19.30436072,74.37430646,19.33701804,29.38725642
18.30707816,178.7862948,18.46450501,159.5022671,18.63830862,140.0337304,18.85237475,120.3867945,19.09874148,100.107467,19.34967335,74.4633853,19.38283367,29.39752234
18.34993587,178.963212,18.50773948,159.6612635,18.6819519,140.176811,18.89651303,120.5132456,19.14344289,100.2245243,19.39498597,74.55163922,19.4286493,29.407398
18.39279359,179.1382151,18.55097395,159.8189733,18.72559519,140.318459,18.9406513,120.6389804,19.18814429,100.3406167,19.4402986,74.63905542,19.47446493,29.41687704
18.4356513,179.3113145,18.59420842,159.9753898,18.76923848,140.4587125,18.98478958,120.7640753,19.23284569,100.455777,19.48561122,74.72563511,19.52028056,29.42595369
18.47850902,179.4825206,18.63744289,160.1305061,18.81288176,140.5976095,19.02892786,120.8886066,19.27754709,100.5700377,19.53092385,74.81139556,19.56609619,29.43462925
18.52136673,179.6518436,18.68067735,160.2843156,18.85652505,140.7351879,19.07306613,121.0126508,19.3222485,100.6834313,19.57623647,74.89635488,19.61191182,29.44290963
18.56422445,179.8192939,18.72391182,160.4368114,18.90016834,140.8714859,19.11720441,121.1362842,19.3669499,100.7959904,19.6215491,74.98053122,19.65772745,29.45080082
18.60708216,179.9848818,18.76714629,160.5879869,18.94381162,141.0065413,19.16134269,121.2595799,19.4116513,100.9077475,19.66686172,75.06394271,19.70354309,29.45830884
18.64993988,180.1486177,18.81038076,160.7378351,18.98745491,141.1403922,19.20548096,121.3825286,19.45635271,101.0187352,19.71217435,75.14660747,19.74935872,29.46543966
18.6927976,180.3105119,18.85361523,160.8863495,19.0310982,141.2730765,19.24961924,121.5050347,19.50105411,101.128986,19.75748697,75.22854365,19.79517435,29.47219929
18.73565531,180.4705707,18.8968497,161.0335231,19.07474148,141.4046266,19.29375752,121.626999,19.54575551,101.238532,19.8027996,75.30976936,19.84098998,29.47859372
18.77851303,180.6287869,18.94008417,161.1793492,19.11838477,141.535031,19.33789579,121.748322,19.59045691,101.3473746,19.84811222,75.39030276,19.88680561,29.48462895
18.82137074,180.7851507,18.98331864,161.3238211,19.16202806,141.664259,19.38203407,121.8689043,19.63515832,101.4554705,19.89342485,75.47016196,19.93262124,29.49031098
18.86422846,180.9396522,19.02655311,161.466932,19.20567134,141.7922794,19.42617234,121.9886465,19.67985972,101.5627726,19.93873747,75.5493651,19.97843687,29.49564579
18.90708617,181.0922816,19.06978758,161.6086751,19.24931463,141.9190611,19.47031062,122.1074491,19.72456112,101.6692341,19.9840501,75.62793031,20.02425251,29.5006394
18.94994389,181.2430289,19.11302204,161.7490436,19.29295792,142.0445732,19.5144489,122.2252127,19.76926253,101.7748078,20.02936273,75.70587573,20.07006814,29.50529779
18.9928016,181.3918844,19.15625651,161.8880309,19.3366012,142.1687846,19.55858717,122.3418379,19.81396393,101.8794469,20.07467535,75.78321948,20.11588377,29.50962697
19.03565932,181.538838,19.19949098,162.0256168,19.38024449,142.2916643,19.60272545,122.4572253,19.85866533,101.9831043,20.11998798,75.85997971,20.1616994,29.51362974
19.07851703,181.6838801,19.24272545,162.1617128,19.42388778,142.4131812,19.64686373,122.5712754,19.90336673,102.0857331,20.1653006,75.9361631,20.20751503,29.51729227
19.12137475,181.8270006,19.28595992,162.2962079,19.46753106,142.5333042,19.691002,122.6838889,19.94806814,102.1872863,20.21061323,76.01173056,20.25333066,29.52059527
19.16423246,181.9681897,19.32919439,162.4289913,19.51117435,142.6520024,19.73514028,122.7949663,19.99276954,102.2877169,20.25592585,76.08663155,20.29914629,29.52351946
19.20709018,182.1074376,19.37242886,162.559952,19.55481764,142.7692447,19.77927856,122.9044081,20.03747094,102.3869779,20.30123848,76.16081553,20.34496192,29.52604554
19.2499479,182.2447343,19.41566333,162.6889792,19.59846092,142.885,19.82341683,123.0121151,20.08217234,102.4850224,20.3465511,76.23423195,20.39077756,29.52815422
19.29280561,182.38007,19.4588978,162.815962,19.64210421,142.9992373,19.86755511,123.1179878,20.12687375,102.5818033,20.39186373,76.30683026,20.43659319,29.52982623
19.33566333,182.5134349,19.50213226,162.9407894,19.68574749,143.1119255,19.91169339,123.2219638,20.17157515,102.6772737,20.43717635,76.37855992,20.48240882,29.53104227
19.37852104,182.6448191,19.54536673,163.0633505,19.72939078,143.2230337,19.95583166,123.3240695,20.21627655,102.7713867,20.48248898,76.44937039,20.52822445,29.53178304
19.42137876,182.7742126,19.5886012,163.1835346,19.77303407,143.3325308,19.99996994,123.4243447,20.26097796,102.8640994,20.5278016,76.51921112,20.57404008,29.53202927
19.46423647,182.9016038,19.63183567,163.3012306,19.81667735,143.4403953,20.04410822,123.5228291,20.30567936,102.9554135,20.57311423,76.58803156,20.61985571,29.53176167
19.50709419,183.0269667,19.67507014,163.4163277,19.86032064,143.5466212,20.08824649,123.6195624,20.35038076,103.0453577,20.61842685,76.65578117,20.66567134,29.53096094
19.5499519,183.1502691,19.71830461,163.528715,19.90396393,143.6512041,20.13238477,123.7145843,20.39508216,103.1339609,20.66373948,76.72240941,20.71148697,29.52960788
19.59280962,183.2714788,19.76153908,163.6382815,19.94760721,143.7541396,20.17652305,123.8079345,20.43978357,103.2212518,20.7090521,76.78786573,20.75730261,29.52769387
19.63566733,183.3905636,19.80477355,163.7449164,19.9912505,143.8554234,20.22066132,123.8996528,20.48448497,103.3072595,20.75436473,76.85209958,20.80311824,29.52523073
19.67852505,183.5074912,19.84800802,163.8485089,20.03489379,143.9550511,20.2647996,123.9897789,20.52918637,103.3920129,20.79967735,76.91506982,20.84893387,29.52223266
19.72138277,183.6222294,19.89124248,163.9489537,20.07853707,144.0530184,20.30893788,124.0783524,20.57388778,103.4755407,20.84498998,76.97679012,20.8947495,29.51871385
19.76424048,183.7347459,19.93447695,164.0462842,20.12218036,144.1493207,20.35307615,124.165413,20.61858918,103.557872,20.89030261,77.03729395,20.94056513,29.51468848
19.8070982,183.8450085,19.97771142,164.1406755,20.16582365,144.2439538,20.39721443,124.2510006,20.66329058,103.6390356,20.93561523,77.09661478,20.98638076,29.51017075
19.84995591,183.9529849,20.02094589,164.2323091,20.20946693,144.3369133,20.44135271,124.3351548,20.70799198,103.7190604,20.98092786,77.15478612,21.03219639,29.50517483
19.89281363,184.058643,20.06418036,164.3213662,20.25311022,144.4281948,20.48549098,124.4179153,20.75269339,103.7979754,21.02624048,77.21184146,21.07801202,29.49971492
19.93567134,184.1619503,20.10741483,164.4080285,20.29675351,144.517794,20.52962926,124.4993218,20.79739479,103.8758093,21.07155311,77.26781429,21.12382766,29.4938052
19.97852906,184.2628749,20.1506493,164.4924773,20.34039679,144.6057063,20.57376754,124.5794015,20.84209619,103.9525912,21.11686573,77.3227381,21.16964329,29.48745987
20.02138677,184.3613843,20.19388377,164.574894,20.38404008,144.6919275,20.61790581,124.6581294,20.8867976,104.0283494,21.16217836,77.37664638,21.21545892,29.48069311
20.06424449,184.4574463,20.23711824,164.6554602,20.42768337,144.7764532,20.66204409,124.7354676,20.931499,104.1030897,21.20749098,77.42957262,21.26127455,29.47351801
20.1071022,184.5510287,20.28035271,164.7343572,20.47132665,144.8592764,20.70618236,124.8113777,20.9762004,104.1767864,21.25280361,77.48155032,21.30709018,29.4659417
20.14995992,184.6421002,20.32358717,164.8117664,20.51496994,144.9403643,20.75032064,124.8858219,21.0209018,104.2494117,21.29811623,77.53261296,21.35290581,29.45796935
20.19281764,184.7306526,20.36682164,164.8878694,20.55861323,145.0196698,20.79445892,124.9587619,21.06560321,104.3209376,21.34342886,77.58279405,21.39872144,29.44960608
20.23567535,184.8167036,20.41005611,164.9628476,20.60225651,145.0971456,20.83859719,125.0301597,21.11030461,104.3913361,21.38874148,77.63211857,21.44453707,29.44085705
20.27853307,184.9002719,20.45329058,165.0368823,20.6458998,145.1727443,20.88273547,125.099977,21.15500601,104.4605795,21.43405411,77.68055879,21.49035271,29.43172741
20.32139078,184.9813764,20.49652505,165.1101551,20.68954309,145.2464186,20.92687375,125.1681759,21.19970741,104.5286397,21.47936673,77.72806673,21.53616834,29.42222229
20.3642485,185.0600358,20.53975952,165.1828474,20.73318637,145.3181212,20.97101202,125.2347183,21.24440882,104.5954889,21.52467936,77.77459438,21.58198397,29.41234685
20.40710621,185.1362691,20.58299399,165.2551119,20.77682966,145.3878048,21.0151503,125.2995659,21.28911022,104.6610991,21.56999198,77.82009372,21.6277996,29.40210623
20.44996393,185.2100951,20.62622846,165.3268622,20.82047295,145.455422,21.05928858,125.3626807,21.33381162,104.7254424,21.61530461,77.86451674,21.67361523,29.39150558
20.49282164,185.2815325,20.66946293,165.3978932,20.86411623,145.5209255,21.10342685,125.4240245,21.37851303,104.7884908,21.66061723,77.90781543,21.71943086,29.38055045
20.53567936,185.3506002,20.71269739,165.467999,20.90775952,145.5842681,21.14756513,125.4835594,21.42321443,104.8502166,21.70592986,77.94994176,21.76524649,29.36924897
20.57853707,185.4173171,20.75593186,165.5369735,20.95140281,145.6454023,21.19170341,125.5412517,21.46791583,104.9105917,21.75124248,77.99084774,21.81106212,29.35761019
20.62139479,185.4817019,20.79916633,165.6046108,20.99504609,145.704281,21.23584168,125.5971127,21.51261723,104.9695821,21.79655511,78.03048533,21.85687776,29.34564319
20.66425251,185.5437735,20.8424008,165.6707049,21.03868938,145.7608566,21.27997996,125.6511786,21.55731864,105.0271393,21.84186774,78.06880654,21.90269339,29.33335705
20.70711022,185.6035507,20.88563527,165.7350498,21.08233267,145.8150822,21.32411824,125.7034861,21.60202004,105.0832128,21.88718036,78.10576337,21.94850902,29.32076083
20.74996794,185.6610523,20.92886974,165.7974395,21.12597595,145.8669281,21.36825651,125.7540716,21.64672144,105.1377518,21.93249299,78.14132318,21.99432465,29.30786361
20.79282565,185.7162966,20.97210421,165.857668,21.16961924,145.9163963,21.41239479,125.8029719,21.69142285,105.1907058,21.97780561,78.1754917,22.04014028,29.29467445
20.83568337,185.7692595,21.01533868,165.9155294,21.21326253,145.9634918,21.45653307,125.8502233,21.73612425,105.2420242,22.02311824,78.2082806,22.08595591,29.28120244
20.87854108,185.8198446,21.05857315,165.9708176,21.25690581,146.0082195,21.50067134,125.8958626,21.78082565,105.2916564,22.06843086,78.23970157,22.13177154,29.26745407
20.9213988,185.8679486,21.10180762,166.0233268,21.3005491,146.0505845,21.54480962,125.9399263,21.82552705,105.3395517,22.11374349,78.26976627,22.17758717,29.25342246
20.96425651,185.9134684,21.14504208,166.0728508,21.34419238,146.0905919,21.5889479,125.9824509,21.87022846,105.3856596,22.15905611,78.29848638,22.22340281,29.23909636
21.00711423,185.9563006,21.18827655,166.1191857,21.38783567,146.1282467,21.63308617,126.023473,21.91492986,105.4299295,22.20436874,78.32587357,22.26921844,29.22446452
21.04997194,185.9963418,21.23151102,166.162193,21.43147896,146.1635539,21.67722445,126.0630292,21.95963126,105.4723107,22.24968136,78.35193952,22.31503407,29.20951568
21.09282966,186.0334889,21.27474549,166.2018146,21.47512224,146.1965186,21.72136273,126.1011561,22.00433267,105.5127528,22.29499399,78.37669591,22.3608497,29.19423861
21.13568737,186.0676385,21.31797996,166.2379973,21.51876553,146.2271457,21.765501,126.1378595,22.04903407,105.5512161,22.34030661,78.4001544,22.40666533,29.17862205
21.17854509,186.0986874,21.36121443,166.2706877,21.56240882,146.2554403,21.80963928,126.1730331,22.09373547,105.5876779,22.38561924,78.42231063,22.45248096,29.16265475
21.22140281,186.1265322,21.4044489,166.2998327,21.6060521,146.2814075,21.85377756,126.2065452,22.13843687,105.6221172,22.43093186,78.44309734,22.49829659,29.14633011
21.26426052,186.1510697,21.44768337,166.325379,21.64969539,146.3050522,21.89791583,126.238264,22.18313828,105.6545128,22.47624449,78.46243187,22.54411222,29.12967206
21.30711824,186.1721966,21.49091784,166.3472734,21.69333868,146.3263662,21.94205411,126.2680577,22.22783968,105.6848439,22.52155711,78.48023156,22.58992786,29.11271696
21.34997595,186.1898096,21.5341523,166.3654626,21.73698196,146.3453135,21.98619238,126.2957945,22.27254108,105.7130892,22.56686974,78.49641374,22.63574349,29.09550116
21.39283367,186.2038063,21.57738677,166.3798935,21.78062525,146.3618548,22.03033066,126.3213427,22.31724248,105.7392277,22.61218236,78.51089577,22.68155912,29.07806104
21.43569138,186.2141469,21.62062124,166.3905127,21.82426854,146.3759508,22.07446894,126.3445705,22.36194389,105.7632383,22.65749499,78.52359496,22.72737475,29.06043297
21.4785491,186.2208984,21.66385571,166.3972671,21.86791182,146.3875621,22.11860721,126.365346,22.40664529,105.7851,22.70280762,78.53442867,22.77319038,29.04265332
21.52140681,186.224138,21.70709018,166.4001034,21.91155511,146.3966492,22.16274549,126.3835376,22.45134669,105.8047922,22.74812024,78.54331546,22.81900601,29.02477516
21.56426453,186.2239431,21.75032465,166.3989748,21.9551984,146.4031728,22.20688377,126.3990135,22.4960481,105.8223436,22.79343287,78.55022153,22.86482164,29.00695652
21.60712224,186.220391,21.79355912,166.3940053,21.99884168,146.4070936,22.25102204,126.4116597,22.5407495,105.8378784,22.83874549,78.55517498,22.91063727,28.98939608
21.64997996,186.2135589,21.83679359,166.3855035,22.04248497,146.4083722,22.29516032,126.4214517,22.5854509,105.8515314,22.88405812,78.55820807,22.95645291,28.97229263
21.69283768,186.2035241,21.88002806,166.3737874,22.08612826,146.4069692,22.3392986,126.4283922,22.6301523,105.8634373,22.92937074,78.55935305,23.00226854,28.95584496
21.73569539,186.1903639,21.92326253,166.3591748,22.12977154,146.4028452,22.38343687,126.4324837,22.67485371,105.8737311,22.97468337,78.55864215,23.04808417,28.94025182
21.77855311,186.1741556,21.96649699,166.3419835,22.17341483,146.3959634,22.42757515,126.4337292,22.71955511,105.8825476,23.01999599,78.55610764,23.0938998,28.92571023
21.82141082,186.1549764,22.00973146,166.3225315,22.21705812,146.3863347,22.47171343,126.4321313,22.76425651,105.8900215,23.06530862,78.55178175,23.13971543,28.9122826
21.86426854,186.1329037,22.05296593,166.3011366,22.2607014,146.3740135,22.5158517,126.4276927,22.80895792,105.8962878,23.11062124,78.54569837,23.18553106,28.89980532
21.90712625,186.1080147,22.0962004,166.2781167,22.30434469,146.3590559,22.55998998,126.4204162,22.85365932,105.9014799,23.15593387,78.53790982,23.23134669,28.88809314
21.94998397,186.0803759,22.13943487,166.2537896,22.34798798,146.3415181,22.60412826,126.4103045,22.89836072,105.9056377,23.20124649,78.52848005,23.27716232,28.87696081
21.99284168,186.0499421,22.18266934,166.2284732,22.39163126,146.321456,22.64826653,126.3973605,22.94306212,105.9086441,23.24655912,78.51747317,23.32297796,28.86622308
22.0356994,186.0166018,22.22590381,166.2024855,22.43527455,146.2989257,22.69240481,126.3816293,22.98776353,105.9103675,23.29187174,78.50495328,23.36879359,28.85569987
22.07855711,185.980243,22.26913828,166.1760122,22.47891784,146.2739834,22.73654309,126.3632537,23.03246493,105.9106759,23.33718437,78.4909845,23.41460922,28.84540034
22.12141483,185.9407535,22.31237275,166.1485367,22.52256112,146.246685,22.78068136,126.3423904,23.07716633,105.9094376,23.38249699,78.47563094,23.46042485,28.83557299
22.16427255,185.8980211,22.35560721,166.1193093,22.56620441,146.2170867,22.82481964,126.3191958,23.12186774,105.9065208,23.42780962,78.45895518,23.50624048,28.82648166
22.20713026,185.8519337,22.39884168,166.0875803,22.6098477,146.1852382,22.86895792,126.2938265,23.16656914,105.9017937,23.47312224,78.44101706,23.55205611,28.81839023
22.24998798,185.8023792,22.44207615,166.0526001,22.65349098,146.1510086,22.91309619,126.2664391,23.21127054,105.8951099,23.51843487,78.42187614,23.59787174,28.81156253
22.29284569,185.7492453,22.48531062,166.0136189,22.69713427,146.1140637,22.95723447,126.2371901,23.25597194,105.8861719,23.56374749,78.40159197,23.64368737,28.80623917
22.33570341,185.69242,22.52854509,165.969887,22.74077756,146.0740584,23.00137275,126.2062361,23.30067335,105.874593,23.60906012,78.38022412,23.68950301,28.80244805
22.37856112,185.631791,22.57177956,165.9206546,22.78442084,146.0306477,23.04551102,126.1736821,23.34537475,105.8599855,23.65437275,78.3578381,23.73531864,28.80010309
22.42141884,185.5672448,22.61501403,165.865172,22.82806413,145.9834864,23.0896493,126.1392585,23.39007615,105.8419615,23.69968537,78.33461518,23.78113427,28.79911709
22.46427655,185.4986344,22.6582485,165.8026896,22.87170741,145.9322297,23.13378758,126.1025293,23.43477756,105.8201332,23.744998,78.31084144,23.8269499,28.79940286
22.50713427,185.4257794,22.70148297,165.7326445,22.9153507,145.8765323,23.17792585,126.0630583,23.47947896,105.7941147,23.79031062,78.28680673,23.87276553,28.80087211
22.54999198,185.3484982,22.74471743,165.6553193,22.95899399,145.8160492,23.22206413,126.0204089,23.52418036,105.763861,23.83562325,78.26280094,23.91858116,28.8034106
22.5928497,185.2666088,22.7879519,165.5712345,23.00263727,145.7504718,23.2662024,125.9741447,23.56888176,105.7300626,23.88093587,78.23911378,23.96439679,28.80687794
22.63570741,185.1799296,22.83118637,165.4809112,23.04628056,145.6798111,23.31034068,125.9238292,23.61358317,105.693506,23.9262485,78.21603065,24.01021242,28.81113258
22.67856513,185.0882787,22.87442084,165.3848701,23.08992385,145.6042434,23.35447896,125.8690543,23.65828457,105.6549775,23.97156112,78.19383222,24.05602806,28.81603298
22.72142285,184.9914744,22.91765531,165.283632,23.13356713,145.5239465,23.39861723,125.8099194,23.70298597,105.6152634,24.01687375,78.17279888,24.10184369,28.82143867
22.76428056,184.8893349,22.96088978,165.1777178,23.17721042,145.4390984,23.44275551,125.7469647,23.74768737,105.5751164,24.06218637,78.15321104,24.14765932,28.82733026
22.80713828,184.7816784,23.00412425,165.0676483,23.22085371,145.3498769,23.48689379,125.6807448,23.79238878,105.534823,24.107499,78.13535058,24.19347495,28.83391807
22.84999599,184.668323,23.04735872,164.9539443,23.26449699,145.2564597,23.53103206,125.6118144,23.83709018,105.4943286,24.15281162,78.11950918,24.23929058,28.84143806
22.89285371,184.5490871,23.09059319,164.8371266,23.30814028,145.1590247,23.57517034,125.5407283,23.88179158,105.4535708,24.19812425,78.10598264,24.28510621,28.8501262
22.93571142,184.4237889,23.13382766,164.7177161,23.35178357,145.0577498,23.61930862,125.4680409,23.92649299,105.4124873,24.24343687,78.09506676,24.33092184,28.86021844
22.97856914,184.2922465,23.17706212,164.5962336,23.39542685,144.9528128,23.66344689,125.3943071,23.97119439,105.3710157,24.2887495,78.08705732,24.37673747,28.87195075
23.02142685,184.1542782,23.22029659,164.4731999,23.43907014,144.8443915,23.70758517,125.3200814,24.01589579,105.3290935,24.33406212,78.08225013,24.42255311,28.8855591
23.06428457,184.0097022,23.26353106,164.3491359,23.48271343,144.7326637,23.75172345,125.2459185,24.06059719,105.2866584,24.37937475,78.08094098,24.46836874,28.90127945
23.10714228,183.8583367,23.30676553,164.2245623,23.52635671,144.6178072,23.79586172,125.1723732,24.1052986,105.2436481,24.42468737,78.08342567,24.51418437,28.91934776
23.15,183.7,23.35,164.1,23.57,144.5,23.84,125.1,24.15,105.2,24.47,78.09,24.56,28.94
