Vin,Vout,PSRR,Iload|max,Iload|min,Cload,Iquiescent,Transient Duration,LDO Type,Wpass,Wdiff,Wload,gm_id,fp1_sim,phase_margin,loopgain,Iq_sim,Power,l1,l2,STATUS,RETRIES_USED
2.8030681424327115,1.0030681424327113,51.38847685492187,54.31068013628568,1.2704502543688596,4.021746888329572,31.034087371938973,0.5,External,451.44508364246605,0.06782655218213328,0.12898186999532896,1.963718820861678,99.99999999999984,83.56599017152419,57.46185632735006,15.1,42.326328950733945,0.18,0.18,OK,0
1.5640237262684376,1.1640237262684374,43.60263862206903,15.387313511930545,5.111727803923317,0.0027129237653716,14.710498820785748,1.0,Internal,1205.4901201493187,0.19076971997568515,0.5762331734248436,8.122448979591837,7079.457843841347,50.55258855949819,51.69286275540137,7.49,11.714537709750598,0.18,0.18,OK,0
1.4673350252110071,1.0673350252110074,38.927047023952845,20.010629726249014,6.224275060450072,0.0017989065469699,96.54991623593318,0.5,Internal,917.9949431479886,0.778794620157199,2.214631325412132,5.6938775510204085,6309.573444801905,70.00546085737302,51.59031606209025,47.3,69.40494669248064,0.18,0.18,OK,0
2.9264513459822545,1.1264513459822545,60.71655368946163,14.184262716438363,2.801483745032741,3.805200311586706,41.28143718150839,2.0,External,331.3156823663773,0.1956834401822916,0.4821254302137779,4.095238095238095,35.48133892335751,88.1926991172647,61.88292489920413,20.5,59.99225259263622,0.18,0.18,OK,0
2.8147578840732024,1.0147578840732026,37.98631831618616,11.858720599868786,9.932351519425376,0.0093430087113186,58.59614172525036,0.5,Internal,,,,,,,,,,,,FAILED,3
1.4562873931816127,1.0562873931816126,35.1409453286416,40.455589473151925,8.782175728301862,0.0064763777139381,55.61545886384344,1.0,Internal,1701.651868264559,0.41552323278071673,1.169654808056324,5.346938775510204,2511.8864315095707,71.23206410186195,51.5653292214753,27.6,40.19353205181251,0.18,0.18,OK,0
1.110848114157429,0.9108481141574286,54.54714600192197,37.45907768020748,2.523638102043949,1.7969766660861175,31.514979897753904,0.5,External,,,,,,,,,,,,FAILED,3
1.5475858324698688,1.147585832469869,58.94405081009671,62.056461669258645,3.062717710785991,4.605020668750645,54.72671346152472,1.0,External,,,,,,,,,,,,FAILED,3
1.5554274873235283,1.1554274873235286,40.0230599836402,22.873044984314497,5.857593568839485,0.0066515504749537,70.68734257681436,1.0,Internal,1140.3871410207025,0.6137760142077183,1.7621382846666098,6.040816326530612,1412.5375446227495,71.07588426708892,53.04901998264608,35.2,54.751047553788204,0.18,0.18,OK,0
2.9164266201986195,1.1164266201986195,45.80060872614123,18.71056125941184,1.7282735474612696,0.0046268216088864,25.61720634878578,1.0,Internal,105.4080484871807,0.036166173719498984,0.07215870468772369,1.1111111111111112,281.83829312644474,50.94434876371135,64.1373257183882,13.1,38.20518872460192,0.18,0.18,OK,0
1.4038299179613358,1.0038299179613357,62.81944154690664,83.13565354526429,1.5300986909673937,4.3238709631358505,93.0481471462055,1.0,External,,,,,,,,,,,,FAILED,3
1.4818758813252932,1.081875881325293,66.58664810282568,35.16548754829002,4.811190110405177,4.143483760336284,69.96761972515358,1.0,External,,,,,,,,,,,,FAILED,3
1.2434702069144217,1.0434702069144215,34.6510271673076,8.598442746168587,7.990512674245235,0.0020983154691195,63.48616755055973,2.0,Internal,1510.0291004944982,1.726037799913479,5.574611782053907,11.46938775510204,63095.73444801892,53.01993131295358,40.49546869025889,31.2,38.79627045572995,0.18,0.18,OK,0
1.3628315577794126,1.1628315577794126,32.11329368523488,33.837184161059284,2.9443436425863965,0.0065762915940804,68.51809831583381,2.0,Internal,4998.555612937815,1.5882011221968542,5.060875090761606,10.489795918367347,1122.0184543019598,73.18206067496304,51.91149678875432,34.5,47.01768874338973,0.18,0.18,OK,0
2.7184048881332004,0.9184048881332004,53.83564911183721,25.116758313220444,2.9384063480754588,3.795842367284929,65.75479762668289,2.0,External,678.4365982327764,0.3485635055377744,0.8880616810301161,4.521541950113379,56.23413251903484,85.04299343360078,63.13807263132347,31.099999999999998,84.54239202094253,0.18,0.18,OK,0
1.2291011532526763,1.0291011532526764,52.844987373743926,16.531569245130747,2.213100590270382,0.5951244739521688,72.29452075247187,0.5,External,,,,,,,,,,,,FAILED,3
1.289956887804039,1.089956887804039,34.652910771253616,14.936118340353762,2.5637733609606506,0.0069015130530549,86.32142967244613,1.0,Internal,2623.0300076619897,2.3468742295486287,7.579737090170492,11.46938775510204,1258.925411794163,69.63920608650028,51.5516749784699,42.9,55.33915048679327,0.18,0.18,OK,0
2.937628090128163,1.137628090128163,58.99569297642645,23.48913862297268,2.4710374035091585,2.129235787391743,84.47841060101868,0.5,External,390.70040453788835,0.3104694572933532,0.7025747032770242,3.2426303854875282,89.12509381337442,87.15678655801067,59.97755371603212,41.199999999999996,121.0302773132803,0.18,0.18,OK,0
1.530791468092402,1.1307914680924018,54.97160515429884,17.711354946551428,2.674322486495741,3.9726549057147262,62.393340680197504,2.0,External,1116.503781354452,3.828178472710473,10.341612706336258,7.081632653061225,251.18864315095746,70.7928505327983,55.85277924949601,30.7,46.99529807043674,1.08,0.72,OK,0
2.8463562131779088,1.0463562131779087,35.31702273308627,34.07405555581286,5.494004514807564,0.0033941735020484,23.43140001551585,1.0,Internal,,,,,,,,,,,,FAILED,3
1.5593981176421252,1.1593981176421253,39.52036258737533,21.91497283155962,4.550286507130318,0.0051350209156538,80.65148894533512,0.5,Internal,1092.6202973879053,0.7002943896354992,2.0105307570659234,6.040816326530612,1412.5375446227495,72.56289226323847,54.048796638584804,40.2,62.687804329213435,0.18,0.18,OK,0
1.3866004059511785,1.1866004059511783,63.17384292414887,94.56895843425988,4.235533846545312,0.474442611246452,35.14309425412448,1.0,External,197746.8600908284,41.08195387121713,129.30500160959755,21.020408163265305,223.8721138568335,46.61890307072708,64.09961455198088,17.7,24.54282718533586,0.9,0.54,OK,0
1.1759175298402351,0.9759175298402354,46.50264391857408,27.29534465574418,4.47714018863484,0.0050511198917778,30.42682249288277,0.5,Internal,9576.185631293443,3.2391317138248397,5.337410170802552,15.142857142857142,1995.2623149688723,53.24802399575253,59.21370636502062,15.1,17.75635470058755,0.36,0.18,OK,0
1.2351858970189271,1.0351858970189274,33.003380016340834,38.18451959246685,5.60999728731407,0.0071220500128751,13.750561054214584,0.5,Internal,5406.805471993466,0.6142313521528651,0.9735176655931396,10.244897959183673,1584.893192461108,65.75263551092634,53.44349540067853,6.88,8.498078971490218,0.36,0.18,OK,0
1.3148970164188043,1.1148970164188046,66.04261116255175,15.009915725516564,1.1422834681421934,2.5920385182931347,44.883570833449255,2.0,External,,,,,,,,,,,,FAILED,3
2.997476522661082,1.1974765226610822,48.84630779346386,40.27292045454532,4.193572242312014,0.0047091783723649,59.4654439347032,1.0,Internal,,,,,,,,,,,,FAILED,3
1.4145818918958688,1.014581891895869,50.20855398794807,29.264281045095853,2.042853199679666,0.4393461008007137,96.38438662683362,2.0,External,,,,,,,,,,,,FAILED,3
1.5687443792115645,1.1687443792115646,45.97428383309149,18.17699165154341,9.819732964229656,0.0064169343067269,62.418039238652185,2.0,Internal,1424.042204182207,0.8094539833118303,2.4450119107194075,8.122448979591837,3981.071705534956,59.25723705127546,53.565042781950496,31.099999999999998,48.78795019347965,0.18,0.18,OK,0
1.543530936427041,1.1435309364270412,32.561914927324,20.222037769752426,9.352752762934449,0.0030215405065946,43.4950321453762,2.0,Internal,927.6933643137337,0.35084128872373455,0.9976752383044342,5.6938775510204085,17782.794100389136,50.88248784642328,47.314458130696465,21.7,33.49462132046679,0.18,0.18,OK,0
1.2318214969083356,1.0318214969083357,33.27367602930603,17.320608838134795,9.354857795637193,0.0070838404802771,54.64430548118979,0.5,Internal,2789.057633022905,1.371890722726871,4.399560048027732,10.979591836734693,11220.18454301958,61.03633813695709,44.48028024432155,26.9,33.13599826683423,0.18,0.18,OK,0
1.597724620146841,1.197724620146841,46.318938779372345,43.76164983635462,8.618629048212503,0.0092703388027559,32.701691815602544,0.5,Internal,3428.4241026386176,0.42408436766119323,1.2809762524598989,8.122448979591837,1584.893192461108,62.78926361251253,56.76978013242249,16.5,26.362456232422876,0.18,0.18,OK,0
1.438161849182242,1.038161849182242,44.56981354323226,39.94013509248761,6.905456539129643,0.0025968589252273,59.05242270072445,2.0,Internal,2711.978648167098,0.6739742147287955,2.0048618903773483,7.428571428571429,3981.071705534956,64.59187370399403,56.93141179183535,29.3,42.1381421810397,0.18,0.18,OK,0
1.3812164199491357,1.1812164199491355,64.55894353461487,15.254652891414114,3.7411920644634935,0.5501673497792191,96.86167679142967,2.0,External,,,,,,,,,,,,FAILED,3
1.1452028323129633,0.9452028323129632,58.26832898590523,77.02757605227104,3.973695144306437,3.0985084761529222,19.53376413026437,2.0,External,802830.03098161,33.75212411171273,101.7966114579899,21.755102040816325,125.8925411794165,47.29009003360872,61.138830128357185,28.900000000000002,33.09636185384464,0.36,0.18,OK,1
2.728127076193667,0.928127076193667,67.54276883022808,46.21104866420332,1.6433926958309848,2.8344073932299385,83.05769951791389,0.5,External,,,,,,,,,,,,FAILED,3
2.997542985404809,1.197542985404809,58.02988631722577,81.00674202642016,1.8161425385155956,2.819916251581203,75.97641664267073,2.0,External,1099.6109291496532,0.2403076121657484,0.515663857155621,2.816326530612245,223.8721138568335,72.13004320224054,58.76180935965113,37.4,112.10810765413986,0.18,0.18,OK,0
1.1564074203846249,0.9564074203846248,57.50519808885333,56.17608839758872,3.096636682904649,4.255434176540782,85.59675822539643,0.5,External,,,,,,,,,,,,FAILED,3
1.360744168049571,0.9607441680495712,45.17352780222009,35.527047028481384,7.806381921023073,0.0085777333434703,52.32871486916071,2.0,Internal,2592.7608510194896,0.6370463674067758,1.9094725659038378,7.775510204081632,1584.893192461108,64.20668962028886,56.72645403959895,25.599999999999998,34.83505070206902,0.18,0.18,OK,0
2.7374142170734173,0.9374142170734172,58.97221261909085,73.59673912926002,4.5447831218602985,3.0059172375152428,45.23731283600464,0.5,External,1224.1519883725866,0.16625317481333676,0.37622146790747774,3.2426303854875282,199.52623149688756,61.52782012734286,60.68816595813888,21.8,59.6756299322005,0.18,0.18,OK,0
1.308685443949042,1.108685443949042,30.581427606879075,12.509830303469192,2.631873519329547,0.0044890623527535,46.20944122179004,2.0,Internal,1698.4751974370909,0.9886033716018156,3.1369566132672504,10.0,2238.7211385683313,71.92758063760216,47.93491371991144,23.099999999999998,30.23063375522287,0.18,0.18,OK,0
2.8530329137496477,1.0530329137496477,31.297071889659367,31.099270434265907,6.053361291635714,0.0060459408497455,64.31388999368093,1.0,Internal,,,,,,,,,,,,FAILED,3
2.941496699904231,1.1414966999042309,30.45865622536084,19.494860190313343,6.728415859442387,0.0023409976253431,72.5874083495248,1.0,Internal,,,,,,,,,,,,FAILED,3
2.9123042804222745,1.1123042804222747,46.5026133533223,28.41334596133943,4.3611633652975605,0.0021013908159266,76.19550458387839,0.5,Internal,,,,,,,,,,,,FAILED,3
1.2114266005619136,1.0114266005619137,41.964505881274775,38.10484014076354,9.985127602536547,0.009398019982092,67.83086795816723,0.5,Internal,12096.238569374635,3.1665917276630413,10.766327298037833,14.653061224489797,4466.8359215096125,53.0956265926706,53.529789000456766,33.599999999999994,40.70393377888029,0.18,0.18,OK,0
2.89085320941247,1.09085320941247,32.36672381846775,23.44572003633297,8.558220570720554,0.0044544965673973,61.46850441044679,0.5,Internal,,,,,,,,,,,,FAILED,3
1.4696649894764322,1.069664989476432,56.690225774838645,7.4886873105461556,1.096767055565421,4.17531551401129,34.576372897553114,0.5,External,508.4900199253717,2.699008629394126,6.228867239189312,7.428571428571429,99.99999999999984,81.32080983059431,57.34812199975599,17.0,24.984304821099347,1.26,0.72,OK,0
1.1896176720766318,0.989617672076632,51.1227220683242,86.00916188819257,1.9021653197029305,1.9468794072082227,51.55595322511439,0.5,External,1120383.134694095,52.09830148071652,335.79225293221634,22.0,398.10717055349625,45.16704682918327,56.59949814202036,75.8,90.17301954340869,0.18,0.18,OK,1
1.2374560660213678,1.037456066021368,64.1203801532805,64.9612113658871,1.1993681111317662,4.529175318275836,91.84511728075566,0.5,External,,,,,,,,,,,,FAILED,3
1.529653869697333,1.1296538696973328,34.5044740453698,10.910723366520802,4.589524267333565,0.0093036075227901,52.48543907772984,0.5,Internal,458.92923678888104,0.3921377215080754,1.103827019039927,5.346938775510204,1778.2794100389165,63.71242266092713,47.30372668598153,26.1,39.923965999100396,0.18,0.18,OK,0
1.3848237068736289,0.9848237068736286,35.643741493864,16.77675576811577,3.2228091916479986,0.0091562912246893,32.45915798645555,1.0,Internal,906.6626109977634,0.30263592198116124,0.8770916539990252,6.387755102040816,1122.0184543019598,62.46860492061323,53.41962313363064,16.099999999999998,22.29566168066542,0.18,0.18,OK,0
1.234921952735162,1.034921952735162,55.36278040191027,19.856271418327555,4.412358493614602,0.327852873556321,65.7729496179474,2.0,External,,,,,,,,,,,,FAILED,3
1.4037761342505082,1.0037761342505085,58.22191205201413,37.997615994590056,4.59933338274909,0.2069346441998985,69.74107175580302,2.0,External,470058.942209019,69.28230261247954,431.3746212752332,22.0,630.9573444801915,48.485721210195905,63.353875144425345,102.0,143.18516569355182,0.18,0.18,OK,1
1.5810467386099276,1.1810467386099277,46.557367506443455,40.44708569874689,6.619829018245552,0.0054503301816558,98.15957563435812,0.5,Internal,3168.750812860689,1.2729598761286847,3.84506361469535,8.122448979591837,1778.2794100389165,67.8730031687974,58.298975258406756,49.1,77.62939486574744,0.18,0.18,OK,0
1.3175467182653344,1.1175467182653345,61.3066050914322,49.073586235391936,4.888021318526148,3.0817836362126863,41.455573487813695,0.5,External,,,,,,,,,,,,FAILED,3
2.7453740486204805,0.9453740486204804,55.01933322680596,85.8085254949081,3.2448911531301,2.664615465734396,20.32919846822957,1.0,External,922.1841531543752,0.05421046640766504,0.10923893963685448,2.3900226757369616,251.18864315095746,53.55370830256554,59.85164210543901,9.88,27.12429560037035,0.18,0.18,OK,0
1.316844290962545,1.1168442909625451,45.83399976906704,29.69773955240264,6.516101447757543,0.0030353234643094,86.22268552797038,1.0,Internal,9907.472110708128,8.766323316232567,14.382388441911102,14.89795918367347,5011.872336272701,51.93296562326882,58.5734258129882,43.0,56.62430451138944,0.36,0.18,OK,0
1.3422878882565308,0.9422878882565308,66.99950742961323,68.55712204626529,2.849182244002429,2.117651153764092,68.58761204358588,1.0,External,,,,,,,,,,,,FAILED,3
1.3186819317645655,0.9186819317645656,46.12807234465679,25.665794491863117,1.4676091979884158,0.0080765037944562,28.12274039223769,2.0,Internal,2010.7383697443086,0.36470328946258734,1.1016115863266536,8.122448979591837,281.83829312644474,69.5056398608314,58.215476361299785,14.0,18.461547044703916,0.18,0.18,OK,0
2.749411906029689,0.9494119060296888,65.16850035738221,76.64022963003558,1.071782714273967,0.718643535683806,69.3666429755268,1.0,External,808587.9525582396,59.79908655020302,365.9242155861059,21.573696145124718,141.25375446227517,48.55073122685301,70.96456094354457,102.0,280.44001441502826,0.18,0.18,OK,1
1.583991386259882,1.183991386259882,65.01459013998695,58.00817018435079,3.210054459130901,0.5613443596159198,40.92968733481928,0.5,External,524771.0265218535,64.18257831834136,185.13524879040278,21.653061224489797,177.82794100389194,50.4147272920884,68.53855831319295,61.199999999999996,96.94027283910478,0.36,0.18,OK,1
1.4493437524102872,1.049343752410287,37.4386533583373,25.326356865425723,4.576432514367848,0.0018406717477776,49.69649424257054,2.0,Internal,1065.2827714940952,0.3713005047049272,1.0451724146819168,5.346938775510204,3548.1338923357403,74.52768294989886,52.0337438640329,24.7,35.79879068453409,0.18,0.18,OK,0
1.1560169887319125,0.9560169887319124,41.55186731762315,33.55620878976367,8.181227436543047,0.004563734253962,92.3581061566339,1.0,Internal,10144.840740238742,4.12867997994954,13.961027062075816,14.408163265306122,7079.457843841347,54.69807469892448,53.61891653953552,45.2,52.25196789068245,0.18,0.18,OK,0
1.4342808820960653,1.0342808820960652,45.86522700876509,19.2542754680387,8.714613312988778,0.0091552892928918,34.921403864002805,1.0,Internal,1508.4399774760907,0.45287019274155266,1.367925834069717,8.122448979591837,2511.8864315095707,60.35009206029587,53.72520002862025,17.3,24.81305926026193,0.18,0.18,OK,0
2.8794337888107053,1.0794337888107053,53.684496784760526,89.9290224507477,3.617170209299848,0.8453109877891372,49.62910765315141,1.0,External,514149.28216208995,29.197226464737593,141.87171937840145,20.72108843537415,158.48931924611105,45.95430189663437,71.32089209783305,73.89999999999999,212.7901569931111,0.18,0.18,OK,1
1.1250392254968151,0.925039225496815,46.07207070883071,27.73430481094872,9.704139537332534,0.0047598488134758,98.5699287132848,0.5,Internal,8804.15102936233,9.574505153062113,15.645327064456385,14.653061224489797,5011.872336272701,54.71983240776792,57.005869322600745,47.9,53.88937890129744,0.36,0.18,OK,0
1.4904013819761823,1.0904013819761824,49.59564915709044,34.52603081092613,2.168438040565458,0.0071817489790752,18.37274378140245,0.5,Internal,3560.7162599492312,0.3046859573918887,0.9474029592422469,9.510204081632654,562.3413251903476,63.35679916844076,58.76728991458631,9.35,13.935252921477304,0.18,0.18,OK,0
1.5670774159053409,1.1670774159053403,37.58054252438195,48.8055825489278,4.031564516749929,0.0036684080315498,92.63871996604976,1.0,Internal,2052.871106506526,0.6921374234311287,1.9482950682066051,5.346938775510204,1122.0184543019598,78.11704262309082,55.074457785773696,46.400000000000006,72.71239209800783,0.18,0.18,OK,0
1.3278747230343897,1.1278747230343895,59.42335797865629,83.0555052824948,2.837060788692856,1.853211500094665,54.47912025252699,2.0,External,1081907.8493401534,104.81261366243913,354.831312059803,22.0,251.18864315095746,45.20128896069746,61.419897917333714,81.0,107.55785256578557,0.36,0.18,OK,1
1.400562414211262,1.000562414211262,34.88679881572932,10.08244437850281,1.7846152104864803,0.0074716970261847,47.81068550629525,1.0,Internal,462.53581624646904,0.38565237661462404,1.0966663249394157,5.6938775510204085,562.3413251903476,68.88358205653334,52.957572502882584,23.6,33.05327297538579,0.18,0.18,OK,0
1.5219013902180292,1.121901390218029,64.97652673926613,66.85902056375903,3.4837142699137247,1.8266372383873068,85.7302797776284,2.0,External,,,,,,,,,,,,FAILED,3
2.9937314814045464,1.1937314814045463,30.622311998347158,38.26826308241479,1.9570935363019712,0.0038342762975167,10.343542071191242,2.0,Internal,,,,,,,,,,,,FAILED,3
1.1501396034413665,0.9501396034413664,66.7408225048588,31.531228403168992,3.5715276402348306,3.5013378101981725,56.13892778305476,1.0,External,,,,,,,,,,,,FAILED,3
2.763793312911329,0.9637933129113287,65.26310582517779,43.78910256214785,4.036994932243371,4.527678437299296,30.948683239115987,0.5,External,1912.2158853471963,0.24053717740284916,0.6757453368269407,6.226757369614512,89.12509381337442,54.24632881490617,65.54964886948164,15.2,42.009658356252196,0.18,0.18,OK,0
2.717728167023476,0.917728167023476,55.20573715132006,91.18352791705384,3.682929247623336,2.846159091804156,19.989052229213296,1.0,External,979.949299779151,0.05330342197634117,0.10741116396091373,2.3900226757369616,251.18864315095746,54.74850030965813,59.88117333291679,9.68,26.30760865678725,0.18,0.18,OK,0
1.1680191148770531,0.9680191148770532,40.93296440375577,22.11802470366844,9.791202956595932,0.0019964853399368,48.02935854807502,0.5,Internal,3410.6915167305433,7.136628168216017,19.049092337311805,10.73469387755102,12589.254117941611,53.191480053422424,53.18963844012131,23.5,27.44844919961075,1.08,0.72,OK,0
1.5219712362300792,1.121971236230079,49.32486821413596,10.735428174029105,7.369194936975568,0.0097549869060287,84.34351464999146,2.0,Internal,1107.1592291079562,1.3987178407692251,4.349230377510557,9.510204081632654,2238.7211385683313,55.43062794719916,54.970443644006686,41.6,63.3140034271713,0.18,0.18,OK,0
1.35183827285023,1.15183827285023,69.25620714148052,74.03374424668071,2.2190043815445333,4.16403385780835,35.3369078573437,2.0,External,2314879.277010361,385.1795680531916,1765.3180811570924,21.755102040816325,158.48931924611105,48.9636508681085,64.8213523675008,157.0,212.2386088374861,0.72,0.54,OK,2
1.333774117123581,0.9337741171235812,32.404944530233514,8.075342098951719,3.3698420537788008,0.0014151120790216,61.04537019274471,0.5,Internal,310.3017205329498,0.42105353815105917,1.172859500518158,5.0,8912.509381337413,63.820228699901115,46.4959651492185,29.099999999999998,38.81282680829621,0.18,0.18,OK,0
2.879507245289328,1.0795072452893275,34.52702988682972,37.86107661905657,6.389274667451423,0.0015804214412425,88.95155114459804,1.0,Internal,,,,,,,,,,,,FAILED,3
1.399122401162732,0.9991224011627322,67.84604996279305,22.60636705522787,1.3158766487633144,1.2735998325567368,81.51204508301713,1.0,External,,,,,,,,,,,,FAILED,3
1.474842050525047,1.0748420505250469,47.11392187675079,28.465056006961525,1.572768183579781,0.0084823616294713,63.90806573594895,0.5,Internal,2392.1316628641544,0.8822176455199896,2.685336496825778,8.46938775510204,281.83829312644474,68.31579771938792,59.44390195730314,32.0,47.194945616801505,0.18,0.18,OK,0
1.128157185447007,0.9281571854470068,50.652913550913375,87.51239310042743,1.2587475740605265,4.783539970231686,12.262776244954544,2.0,External,748852.3885329512,9.820492864525411,52.4669075758282,21.51020408163265,141.25375446227517,47.99341865355899,56.099006892854824,18.099999999999998,20.419645056590824,0.18,0.18,OK,1
1.3246621191135346,0.9246621191135344,58.69191921717423,78.51856729436486,3.4076937240605263,4.473364120778746,49.90420129412689,0.5,External,,,,,,,,,,,,FAILED,3
1.2335738336854365,1.0335738336854363,64.05267546171032,27.5561794956066,3.0494551101831626,0.6107015337609036,44.60601948803313,0.5,External,,,,,,,,,,,,FAILED,3
1.4956672778636415,1.0956672778636416,55.4313752950208,49.92522761703596,4.935361251421751,1.4178988345497083,46.62747186708375,1.0,External,,,,,,,,,,,,FAILED,3
1.444612317433625,1.0446123174336248,62.215601421515366,31.66490547401756,1.827970313753707,2.631205879385297,10.495521924437874,1.0,External,1175155.7235367962,31.279441557376696,194.7561894844369,22.0,112.20184543019616,51.399456428452424,63.316328954854754,46.8,67.60785645589364,0.18,0.18,OK,2
2.7657206427305576,0.9657206427305574,66.87849225223448,32.06626204544128,2.8514078200634025,2.248838593833434,29.66588509187173,1.0,External,,,,,,,,,,,,FAILED,3
1.1133163316512564,0.9133163316512564,57.94030082474383,13.273812845598291,3.468266064471205,0.6578081280353469,41.07008285215229,2.0,External,,,,,,,,,,,,FAILED,3
1.3622667574055527,1.1622667574055527,63.508404150941786,9.261088962239022,2.802388075932536,4.654190802918259,24.868354540406514,2.0,External,,,,,,,,,,,,FAILED,3
1.364677566828454,1.164677566828454,44.28065288933713,32.35573463408167,3.784354460765039,0.0084141134579916,95.955446033649,1.0,Internal,13968.417336409928,5.897058741965421,20.712645394358113,16.122448979591837,1778.2794100389165,58.30890878033555,55.940677563389194,48.2,65.7774587211315,0.18,0.18,OK,0
2.700469531557442,0.9004695315574419,50.04207686351767,73.16935184950147,4.318350227461002,0.298737813968939,88.44379545594076,1.0,External,373736.1292009098,31.424918296564915,225.87764501132128,22.0,141.25375446227517,45.52783756567165,70.78592935752134,43.5,117.47042462274872,0.18,0.18,OK,0
1.2995876305934164,1.0995876305934165,39.12473017911084,21.607385979241247,2.089225004366737,0.0047705301116872,77.60602430275763,0.5,Internal,5178.164261121616,2.8062758162749835,9.299059633551899,13.183673469387756,1412.5375446227495,67.17919649653614,54.322158489298445,38.800000000000004,50.424000067024565,0.18,0.18,OK,0
2.724054004224571,0.9240540042245712,44.99701528872933,23.57038967375285,6.814865575045567,0.0068180508111214,89.9235157924106,0.5,Internal,,,,,,,,,,,,FAILED,3
2.850646082988596,1.050646082988596,48.26573895152474,32.56580607551686,8.863287341197106,0.0075157574991948,20.850257476332125,1.0,Internal,550.3893792772485,0.0883086965516502,0.17619340119446303,1.1111111111111112,2238.7211385683313,53.05931240497064,58.20845326533802,31.3,89.22522239754305,0.18,0.18,OK,1
1.3199331533067324,0.9199331533067324,52.84274247586915,6.112128019435886,2.688137040510556,1.5456994675053657,53.74004444178427,0.5,External,330.31642264151054,3.203994482868088,9.479383891667872,6.387755102040816,223.8721138568335,84.38615361433725,53.65855972423689,25.2,33.26231546332966,1.26,0.9,OK,0
1.1131217216926843,0.9131217216926842,66.16045259813106,25.524879676110285,2.8664311387888635,4.101943692536868,16.064609930697028,0.5,External,,,,,,,,,,,,FAILED,3
2.9555523710621845,1.1555523710621842,31.552292894628817,29.414046583951315,8.755682454264658,0.0063125698865784,30.365119739280864,2.0,Internal,,,,,,,,,,,,FAILED,3
2.957268701298385,1.157268701298385,65.18702051505227,14.392993675860364,4.558608132070265,0.1603175447787704,43.30471012068297,1.0,External,661651.831983433,138.47916333137576,995.3676570051241,22.0,354.8133892335746,49.67673150605465,70.81486590857207,193.0,570.7528593505883,0.18,0.18,OK,2
2.817892267603588,1.0178922676035873,40.23362773163024,12.453275616271942,6.81166459086051,0.001403006054542,78.57161381191739,2.0,Internal,,,,,,,,,,,,FAILED,3
1.4019306481453353,1.0019306481453354,42.91644772572968,33.66060428546345,4.065437499231625,0.0016454069996288,46.86660054057088,0.5,Internal,2121.9264184366334,0.5007336745644028,1.477208742094701,7.081632653061225,3548.1338923357403,67.31188273642539,56.87680915763928,23.200000000000003,32.524791036971784,0.18,0.18,OK,0
1.303136191920503,1.1031361919205027,60.62170689770485,84.96371936574423,3.320886075140117,2.842473379705906,19.473326667731115,0.5,External,727043.1299103642,30.4668226036782,178.3416496928246,21.51020408163265,125.8925411794165,48.39092957932782,61.992606646531776,29.0,37.79094956569458,0.36,0.36,OK,1
1.5916075769489773,1.1916075769489771,50.55073439738931,53.01823620149275,4.856069628470809,1.9826128936304213,13.509641131742043,1.0,External,479629.5788578635,11.188206776587325,61.107497634520236,21.653061224489797,112.20184543019616,45.26968386801138,63.34762010048122,20.400000000000002,32.46879456975914,0.18,0.18,OK,1
1.416396027984061,1.016396027984061,57.90868535985829,34.75459480166653,1.5882474022663535,2.490470866242792,21.704300426002483,1.0,External,,,,,,,,,,,,FAILED,3
1.211119095882592,1.011119095882592,59.48012856966312,47.1921327507464,4.979431892237287,2.7723674939696825,17.938153341088363,2.0,External,1211483.5423300043,84.19494188214007,230.2478854611293,21.51020408163265,223.8721138568335,47.297379816114365,60.89697689743798,79.3,96.04174430348954,0.36,0.18,OK,2
1.145475287860964,0.945475287860964,57.71023809473844,37.33677490417804,3.165630429390341,0.8553107115745868,59.834033682221005,1.0,External,,,,,,,,,,,,FAILED,3
2.9285705437814613,1.128570543781461,66.77098429805656,38.83763647617145,4.307259895185676,3.574167249006456,25.945383274467893,0.5,External,,,,,,,,,,,,FAILED,3
1.303216196455615,1.103216196455615,49.32834771732814,30.096897181251972,4.125493351274568,0.0062242084089432,22.527703121112594,2.0,Internal,13719.070055257516,3.0373281348502394,5.1344019857154395,16.367346938775512,1412.5375446227495,48.83159813126984,60.20071084320811,11.399999999999999,14.85666463959401,0.36,0.18,OK,0
2.8878702964263194,1.0878702964263192,54.14618006375116,79.32689129870829,3.938311692485653,1.5723979894421187,39.32408058080048,1.0,External,659.3866066043956,0.08594474751462404,0.1634362044667321,1.963718820861678,398.10717055349625,65.73332653669426,57.01272032584252,19.3,55.73589672102797,0.18,0.18,OK,0
1.16039363234673,0.96039363234673,52.95968294731669,85.99298928064758,3.843538866729277,4.544019763290686,21.91351411314752,2.0,External,1120172.4650823975,22.144035622496485,142.72625785010683,22.0,177.82794100389194,47.29609263581019,56.570452117401686,32.4,37.596753688034056,0.18,0.18,OK,1
1.4797361755120977,1.0797361755120976,60.667732575307255,87.64707016653007,1.5226093752938517,3.9734979919469366,21.23387325701635,0.5,External,1084259.841355957,21.094193071462705,131.3394503962375,22.0,79.43282347242804,47.353924117379194,63.28009416049543,31.7,46.90763676373349,0.18,0.18,OK,1
1.382730270475407,0.9827302704754072,30.6892251885,48.63234770816429,9.542009287804964,0.0056161217453247,18.43051786353192,1.0,Internal,,,,,,,,,,,,FAILED,3
1.390734243486814,0.990734243486814,60.44888290810929,58.45761140712222,2.764894854621306,3.068200985381378,92.68612395457396,2.0,External,,,,,,,,,,,,FAILED,3
1.3177149389659846,1.1177149389659846,49.614786871668585,23.341289385821764,8.447670298956726,0.0078807501518924,61.6176056310016,0.5,Internal,11248.01070242753,8.731923009376839,14.846555306761688,16.612244897959183,2818.382931264443,50.119264910459506,58.734409191914914,30.800000000000004,40.58562012015233,0.36,0.18,OK,0
1.1601423546585208,0.9601423546585208,51.18943137734561,5.300945615166665,3.5607932462384952,1.562331070573196,31.634414982953544,2.0,External,1682.765301401721,8.086308513637828,19.414971318115793,14.653061224489797,398.10717055349625,73.59632899311441,51.56645790140162,15.5,17.982206497207073,0.9,0.54,OK,0
1.1768142695314865,0.9768142695314864,40.20864978008464,33.19666299919446,9.33744346057078,0.0011720448498678,52.91591214860354,0.5,Internal,5582.355644328081,4.249378415717805,10.572392279607241,11.224489795918368,14125.375446227474,49.78510744444037,56.33661224892664,25.9,30.479489580865497,0.54,0.36,OK,0
1.5168120873094684,1.1168120873094685,40.544523616796006,33.46448494846226,6.800232494089303,0.0083781802448625,40.00665899431995,2.0,Internal,1808.5139772214611,0.37300573647609997,1.0810356424817025,6.387755102040816,1412.5375446227495,70.5202148586395,53.80378735376361,20.1,30.487922954920318,0.18,0.18,OK,0
1.4585734329166593,1.0585734329166592,30.177265702269377,49.90193850568902,7.091391689716561,0.008456223695042,36.51574567115738,2.0,Internal,2487.973464963616,0.31706509279947215,0.9102873455791936,6.040816326530612,3548.1338923357403,48.6219308030846,53.8865023622824,18.3,26.691893822374865,0.18,0.18,OK,0
1.3213608555684588,1.1213608555684589,62.65812661356868,11.557806384345714,1.022663258118269,4.691746039448095,83.97339723459366,0.5,External,,,,,,,,,,,,FAILED,3
2.965327282650593,1.1653272826505932,62.27208228474917,13.41744782711951,2.9505112386688435,0.4804817398908648,46.67887279291877,1.0,External,223.17558672818518,0.27628379253951363,0.3882103719573933,3.2426303854875282,223.8721138568335,76.03024012127986,62.53023491838812,22.5,66.71986385963834,0.36,0.18,OK,0
2.7198029532420724,0.9198029532420724,60.982606725543455,65.04853380309302,3.3081626578476437,3.5190057527598047,10.547987341585516,2.0,External,686290.4902381097,9.093131524217716,55.64294058952248,21.573696145124718,31.622776601683764,47.906322800706874,70.37498315529446,15.7,42.700906365900536,0.18,0.18,OK,1
1.5606832756837434,1.1606832756837435,51.53724150552327,52.55930546668969,4.178062177962994,3.5647237386068213,14.520341031757638,1.0,External,1101553.6448238145,30.6391357137671,152.1608252391621,21.306122448979593,158.48931924611105,45.257114068909985,63.41652954924815,65.0,101.44441291944332,0.18,0.18,OK,2
2.820861984789791,1.020861984789791,34.22224942332272,43.85303450856508,4.61175421797741,0.0036326358196366,23.709663051808192,2.0,Internal,,,,,,,,,,,,FAILED,3
2.706608076367145,0.9066080763671452,59.52873972687584,26.47275479251997,3.561904168703376,4.897007464356563,64.31437864390408,0.5,External,715.063842368313,0.3409279031452153,0.8686078776666463,4.521541950113379,50.11872336272717,85.23915807481215,63.082038198940324,30.3,82.0102247139245,0.18,0.18,OK,0
1.4943452337971586,1.0943452337971584,53.756857050755485,73.38018806869518,4.467733873407535,2.32433955573095,83.9288792478334,1.0,External,,,,,,,,,,,,FAILED,3
1.4911272511242717,1.0911272511242716,34.838633606310594,37.12786846279654,8.40281314945777,0.0082356265679726,59.72508706671002,2.0,Internal,1561.6805380212456,0.4462277532731674,1.2560848490018601,5.346938775510204,1995.2623149688723,70.69398708019806,51.509315244660485,29.7,44.28647935839087,0.18,0.18,OK,0
2.7428627884018235,0.9428627884018236,44.41310290566226,23.065053391093716,2.427617300737402,0.0089379295274947,84.14002810910488,2.0,Internal,,,,,,,,,,,,FAILED,3
1.1814641142233726,0.9814641142233728,56.351735905222334,5.012795835426106,3.044516556948919,0.3295743517852553,34.85526020388095,1.0,External,,,,,,,,,,,,FAILED,3
1.3188068864865596,0.9188068864865596,59.33935999927222,37.33522089904746,4.76179402294469,0.5053057614693321,93.77986348547276,0.5,External,,,,,,,,,,,,FAILED,3
1.1389789773607104,0.9389789773607105,66.8542380432111,34.7680521705886,4.1557298871040285,4.4701735095726,49.04356776188766,0.5,External,,,,,,,,,,,,FAILED,3
2.813195416188958,1.0131954161889578,31.78579049051146,35.915866992645924,5.444326364112358,0.0044888392491008,66.94406908737409,2.0,Internal,,,,,,,,,,,,FAILED,3
1.1417347546673262,0.9417347546673264,44.26092101268637,34.98734361101929,9.694427546158096,0.007849340112257,95.56954369582044,2.0,Internal,15104.5192630646,5.873342644037653,20.629345710904047,16.122448979591837,5623.4132519034665,50.80502652942681,54.68307358712373,46.699999999999996,53.31901304296413,0.18,0.18,OK,0
1.1894156625918328,0.9894156625918328,59.50813215700148,65.26227527256441,4.997864992862523,0.6135595184881034,54.87137195551382,2.0,External,558455.8825042131,85.84852418458725,234.7699365495115,21.51020408163265,501.1872336272709,48.52199189603639,60.902734467444226,80.7,95.98584397116092,0.36,0.18,OK,1
2.9597460495667063,1.1597460495667065,39.15399210318588,14.399722580232368,4.318364537783157,0.0043283193038845,14.711951816872515,0.5,Internal,,,,,,,,,,,,FAILED,3
1.2249513295711636,1.0249513295711636,58.315950013749,73.36711257800039,2.484646459142968,4.361839565740382,75.74467248629112,1.0,External,,,,,,,,,,,,FAILED,3
2.9388721786688565,1.1388721786688565,62.15504244505445,33.053640369324114,1.5464036146046904,3.2930348263386557,76.47377123190977,1.0,External,892.8221967072208,0.40538434828170544,1.0328284518567732,4.521541950113379,89.12509381337442,81.19050344761385,63.10396816418886,37.6,110.50159391794901,0.18,0.18,OK,0
1.3156595887134914,0.9156595887134916,33.98430549788106,45.05967511862784,3.5866863681902177,0.0043100738898053,15.22827568723148,1.0,Internal,6201.3871324396405,0.36850469607365754,1.0479040588665978,5.6938775510204085,5623.4132519034665,47.88454293393921,55.03430892491815,22.4,29.470774787182204,0.18,0.18,OK,1
2.8547585708136984,1.0547585708136984,46.70960451484389,5.661202489472923,4.411846438047426,0.0040361099209218,11.739486782584091,1.0,Internal,,,,,,,,,,,,FAILED,3
2.7094265464533818,0.909426546453382,38.08579494509738,28.89219552854422,6.356185074151134,0.0010893143901505,51.76856435081535,1.0,Internal,,,,,,,,,,,,FAILED,3
1.2192942738776107,1.0192942738776107,36.23727715833766,39.82961201687432,7.956293336885036,0.0056916644288872,97.84124409512924,2.0,Internal,7631.749319168395,2.8820374412854624,9.373677148715915,11.959183673469388,5011.872336272701,63.971441330851746,51.80949786220283,48.2,58.76998400090084,0.18,0.18,OK,0
2.7050842994668742,0.9050842994668744,37.65160647141271,21.548014286229947,2.635652716385166,0.0049195686292497,39.88894288538228,0.5,Internal,,,,,,,,,,,,FAILED,3
2.9217079673363875,1.1217079673363877,56.96191186336576,40.315233016101374,1.0054145028618726,1.5690225850696562,68.18128674741374,2.0,External,547.2516203807028,0.2156522107342602,0.4627570878389994,2.816326530612245,199.52623149688756,79.96528288628197,58.904283638487236,33.300000000000004,97.29287531230172,0.18,0.18,OK,0
1.3541182480951697,1.1541182480951695,40.939265027427766,42.33934041294402,6.455319084401317,0.0036202982300666,28.638542635891408,2.0,Internal,9269.28864798945,1.9569686147235703,3.134896712617112,12.693877551020408,3548.1338923357403,53.64987024108656,57.15367746795607,14.399999999999999,19.49930277257044,0.36,0.18,OK,0
1.3698365637638303,1.1698365637638304,34.564707269873985,16.097163574011105,5.356693627391814,0.0077269996593702,52.64288455581519,1.0,Internal,2826.9287997536444,1.4312347420791416,4.62248164928903,11.46938775510204,3548.1338923357403,64.56351410679744,48.47517902336615,26.299999999999997,36.02670162698873,0.18,0.18,OK,0
1.387336940296461,1.187336940296461,34.78317555564486,28.88318098790761,6.858616016062654,0.006801320572681,60.51641886535624,1.0,Internal,5072.36543803519,1.6452974011042052,5.3138432296430205,11.46938775510204,3981.071705534956,64.47824325217715,50.18804412492525,30.4,42.17504298501241,0.18,0.18,OK,0
1.361494362858045,0.9614943628580448,53.9166616826854,18.376280144804227,3.489654566263986,3.928477093161795,62.04685594783246,2.0,External,1073.6755538112852,4.061549943994441,9.43552482819973,6.73469387755102,281.83829312644474,70.79971209659288,54.95490530241231,29.6,40.30023314059813,1.26,0.72,OK,0
2.9433371309800416,1.1433371309800413,53.277620475609645,66.06779690601655,4.239440749442345,4.74223672297359,40.36061269153211,1.0,External,549.1734227129107,0.08821014035361455,0.1677441722941752,1.963718820861678,112.20184543019616,83.35518070394498,56.90769378320867,19.9,58.57240890650282,0.18,0.18,OK,0
2.8616439027118856,1.0616439027118858,44.15442700535055,7.799145177411624,2.325727398510733,0.0010705743169472,66.7829611206247,2.0,Internal,43.93736038279635,0.0942836678014869,0.18811465637834093,1.1111111111111112,1778.2794100389165,53.54429439435684,57.39995523753591,33.300000000000004,95.2927419603058,0.18,0.18,OK,0
1.340282455270683,0.9402824552706828,36.038334001550034,39.2489737710744,4.18840988356942,0.0095416407668335,96.60791826890058,1.0,Internal,,,,,,,,,,,,FAILED,3
1.5785980861044648,1.178598086104465,39.193297408053226,29.595971391453272,4.895344019885224,0.001395099483787,24.917480183814035,0.5,Internal,1729.211283453694,0.2489261474484045,0.7279299489647414,6.73469387755102,8912.509381337413,53.14074898266631,53.67457437034747,12.700000000000001,20.048195693526704,0.18,0.18,OK,0
2.7627556396223785,0.9627556396223784,43.48697958046938,11.164957837415212,9.954832323925835,0.0057450939467852,45.2672466768171,1.0,Internal,,,,,,,,,,,,FAILED,3
2.7590777113360287,0.9590777113360284,59.964720009985456,43.6340366498654,4.812080084715596,2.660444611987061,29.72057315229446,0.5,External,868.2846179249769,0.12481787498385509,0.2957085624592439,3.668934240362812,125.8925411794165,62.85488926861706,62.61501043450761,14.399999999999999,39.73071904323881,0.18,0.18,OK,0
2.975816221371802,1.1758162213718018,51.4616312405403,64.12261013863838,4.924711347049178,1.0315274839402655,81.33356046595449,2.0,External,533.004503437813,0.17775856969748827,0.33803329212002314,1.963718820861678,501.1872336272709,74.99320824693406,55.56668769997411,39.5,117.54474074418617,0.18,0.18,OK,0
2.983110477846066,1.1831104778460662,57.904118526199404,95.5251956197936,4.86821072570414,2.024689501465782,86.87997157067812,1.0,External,1296.6889728564186,0.27479472493905527,0.5896679947464779,2.816326530612245,354.8133892335746,61.75006817790535,58.65920506991507,42.5,126.78219530845782,0.18,0.18,OK,0
1.3929999811515368,0.9929999811515368,42.81230367097775,34.99702155709787,2.464297694277093,0.0060857678120748,79.44642198807469,1.0,Internal,2206.172651531169,0.8488240741643992,2.504106287532735,7.081632653061225,562.3413251903476,72.56659652744008,58.07591079986544,39.1,54.46629926302509,0.18,0.18,OK,0
1.303630935032832,0.9036309350328322,45.688417160068354,21.964349386682603,5.96791271908649,0.0082427780979072,14.145106077096074,1.0,Internal,1845.8286401841099,0.19526584062998156,0.5943595563858787,8.46938775510204,2238.7211385683313,57.249764300607666,53.373662622770766,7.029999999999999,9.164525473280808,0.18,0.18,OK,0
2.753366437214707,0.953366437214707,44.577228845398935,9.29296747909448,4.858318188877902,0.0012625278728073,53.28011319427081,0.5,Internal,,,,,,,,,,,,FAILED,3
1.1355507870794457,0.9355507870794456,53.07614049283215,99.0582057264108,4.819387972153873,2.5239084289972884,56.144822303136536,2.0,External,1290364.1962376172,56.73544364814862,365.68029863261893,22.0,354.8133892335746,45.13724923412336,56.598925133843174,82.0,93.11516454051454,0.18,0.18,OK,1
1.2906330936978567,1.0906330936978568,50.65235896683133,10.48177819951039,2.777461396966057,1.450184902175469,65.98356061338944,0.5,External,3168.891073921828,16.09925551984314,38.52131480653193,14.408163265306122,794.3282347242791,62.646166539566345,50.97142442518326,32.6,42.07463885455013,0.9,0.54,OK,0
1.2158969519229397,1.0158969519229395,37.17156923049746,34.548398316854424,3.163590216041562,0.0027243365116134,92.64151780078932,2.0,Internal,7231.741893596429,2.959884384750851,9.69595665798909,12.448979591836736,3548.1338923357403,65.62416049156704,53.9555304510009,45.9,55.80967009326293,0.18,0.18,OK,0
1.3519448486436592,1.1519448486436592,30.77859926651335,6.620846823114188,2.576995948952446,0.008800933190554,35.4230869579324,0.5,Internal,898.9205962267192,0.7578404385172027,2.4047182557712476,10.0,1995.2623149688723,70.10886274430717,43.618217992705766,17.7,23.929423820992767,0.18,0.18,OK,0
2.8744866878967583,1.074486687896758,41.26649284066093,24.237582409765025,3.937045878387885,0.0085569369013791,22.943291528333237,2.0,Internal,,,,,,,,,,,,FAILED,3
1.5711272715325424,1.1711272715325425,67.85116454972949,44.84755942594479,4.121462012027527,2.4340450931753845,54.7785866931492,0.5,External,,,,,,,,,,,,FAILED,3
2.77659272295118,0.9765927229511796,61.87604961619231,8.116914292217801,3.544169875119873,1.885335768298337,36.5717622240678,2.0,External,189.59469739085662,0.17335850527849456,0.42712119053483044,4.095238095238095,39.810717055349684,88.7027008558759,62.06650415119042,17.900000000000002,49.70100974082613,0.18,0.18,OK,0
2.83800071867424,1.0380007186742397,66.21757162015837,84.40346315149903,2.3287641324624184,3.498728481621597,79.40105342666979,1.0,External,,,,,,,,,,,,FAILED,3
1.14547852244003,0.9454785224400298,39.265873065455935,7.043147666091165,3.610262742840153,0.0093790897379676,45.264156695515,0.5,Internal,1766.2305477918076,1.7066230982368829,5.675511863861216,13.428571428571429,2511.8864315095707,59.89723102433635,49.087480858383884,22.2,25.429623198168663,0.18,0.18,OK,0
1.2596065036952755,1.0596065036952755,38.33131656964584,28.51295814885148,1.4917097800087509,0.0097577034667509,30.351279812470477,1.0,Internal,6530.686628671125,1.0529051005570196,3.4758704480885476,12.938775510204081,446.68359215096194,67.38936527695228,54.13252926964768,15.299999999999999,19.271979506537715,0.18,0.18,OK,0
2.7911827536765084,0.9911827536765082,67.65468761346844,9.930589640794356,1.7644748379840105,1.6194142378795,75.85522629077916,2.0,External,768.7837349246271,0.956127366550266,2.9361934331581745,8.784580498866212,70.7945784384137,80.78990173252754,68.67252735530354,37.0,103.27376188603081,0.18,0.18,OK,0
2.9545276137271577,1.1545276137271574,62.19262023313804,90.1238759674358,4.272106996554772,1.338786669837083,34.42947198707802,0.5,External,682009.5218036771,24.326138444905997,130.2719588666192,21.14739229024943,89.12509381337442,50.51918078298954,71.09757212926456,51.7,152.74907762969406,0.18,0.18,OK,1
2.801089417715237,1.001089417715237,46.13387039389478,49.31862812431141,7.788234337138727,0.0045387568092513,63.1574050595174,0.5,Internal,,,,,,,,,,,,FAILED,3
2.7235367448951373,0.9235367448951372,45.07659401138437,5.930211600135701,3.4211768211847944,0.0056583667118396,34.196206820755904,1.0,Internal,,,,,,,,,,,,FAILED,3
2.77959784126664,0.97959784126664,44.288483281424845,39.1552377134869,1.9226436765982704,0.0056246901778609,55.80015000319503,0.5,Internal,,,,,,,,,,,,FAILED,3
1.434644093723982,1.0346440937239818,63.94418763819274,72.86103039482477,2.8468645752524764,4.612873153373222,72.51358845279569,2.0,External,,,,,,,,,,,,FAILED,3
1.3585072711362034,1.1585072711362034,50.617158086161446,9.930053454249034,1.5686817868155822,1.145627405080879,69.86315748145648,0.5,External,3002.091549333321,17.045834042014015,40.7862300503892,14.408163265306122,999.9999999999968,62.60924005811054,50.963633064465846,34.7,47.14020230842626,0.9,0.54,OK,0
1.1356623173531215,0.9356623173531216,64.5411352323078,58.39691546824425,4.788362668434076,2.531667889123572,44.246593888290505,2.0,External,,,,,,,,,,,,FAILED,3
1.535861695678317,1.1358616956783174,30.32123729962012,40.19770683910608,2.119445481171919,0.0081779262448347,65.43207241090491,1.0,Internal,1690.804752409077,0.48886670740744154,1.376109082977644,5.346938775510204,562.3413251903476,68.80340108894266,55.191977537828464,33.0,50.68343595738446,0.18,0.18,OK,0
2.729254297692269,0.9292542976922692,60.02175760524394,72.08835238151907,3.137162207574703,2.749599378952211,48.66363492184582,0.5,External,1434.5041694560127,0.20437329619486125,0.4841849264831403,3.668934240362812,199.52623149688756,57.647095787005064,61.48497680920394,23.4,63.864550565999096,0.18,0.18,OK,0
1.2446793083756575,1.0446793083756576,69.23026677966169,72.86902254452684,4.809868466751388,1.2109641734168202,89.14069181588752,0.5,External,,,,,,,,,,,,FAILED,3
2.9031457237373024,1.103145723737302,36.3309933053574,41.73848532342638,5.513639153317604,0.0016380241830215,38.1576844769617,2.0,Internal,,,,,,,,,,,,FAILED,3
2.955204078181454,1.155204078181454,68.12174120962521,6.154893290351747,3.69607967623517,0.3539954156866722,59.39727985696203,1.0,External,240.9989980776764,0.8201713492591478,1.16287027725619,5.800453514739228,158.48931924611105,74.45488650544206,68.87411608604549,29.200000000000003,86.29195908289846,0.36,0.18,OK,0
2.7920329798566423,0.9920329798566424,58.23310920913405,93.82447102468272,2.72216083802876,4.4021240352256905,64.49542899542888,2.0,External,1273.6028036626542,0.20399412373434456,0.43774059312519126,2.816326530612245,158.48931924611105,70.84309927275427,59.05572431453341,30.800000000000004,85.99461577958459,0.18,0.18,OK,0
1.1857274973778118,0.9857274973778118,63.70887766443804,36.583334929127645,1.2263426245868625,1.9322131303627867,95.0003724424873,0.5,External,,,,,,,,,,,,FAILED,3
2.9014437446001624,1.101443744600162,32.32381913050892,40.144815212674615,8.067419303644137,0.0064099242606189,99.13256037985347,1.0,Internal,,,,,,,,,,,,FAILED,3
1.2296056782783518,1.0296056782783518,50.22961319498756,47.76107001510705,4.908416932206293,0.6052946757995714,59.300622494498754,1.0,External,,,,,,,,,,,,FAILED,3
1.521365495450382,1.1213654954503818,61.6436646018518,24.42185452520695,3.078817051577937,0.4628068677705051,64.49344022929643,1.0,External,,,,,,,,,,,,FAILED,3
1.522048410628439,1.122048410628439,55.74923329794501,67.39182603008291,4.874149326799569,3.057822282740938,16.928152035846963,0.5,External,833687.3150606399,16.816795648398145,104.70695372910491,22.0,89.12509381337442,47.360528914899426,63.27950251104582,25.400000000000002,38.66002962996236,0.18,0.18,OK,1
2.985426966253669,1.1854269662536696,58.60749499381586,71.10076037726726,2.832088846673035,0.5512667408412215,59.804111451403664,0.5,External,538052.7087217058,42.254586282573456,226.28284133941966,21.14739229024943,177.82794100389194,46.11941752879605,71.1537024506259,89.5,267.1957134797034,0.18,0.18,OK,1
1.5111376932971523,1.1111376932971524,35.01786091382205,35.42118296236464,7.359668828908386,0.0064900667537153,38.16166547922834,2.0,Internal,1766.0028036373326,0.33135656370044053,0.9513178639374303,6.040816326530612,3162.2776601683668,60.0736466678134,52.70451436829121,19.1,28.862729941975612,0.18,0.18,OK,0
1.1006055553244702,0.9006055553244702,32.341320828483376,25.208813525492605,6.510323356856602,0.0029177650781632,94.51513863704685,0.5,Internal,4623.846018760361,2.6744107976730978,8.668068551848927,11.714285714285714,12589.254117941611,55.148317945792876,50.621714018711316,45.300000000000004,49.85743165619851,0.18,0.18,OK,0
1.5316903045496026,1.1316903045496027,57.47109602095364,9.796449719178751,3.509946287137117,1.989506213041676,94.26404254718972,0.5,External,665.1895995026941,7.358188351053003,21.584763115876324,7.428571428571429,281.83829312644474,77.78483590033035,57.62552512375485,46.3,70.9172611006466,1.26,0.9,OK,0
1.5818954533880525,1.1818954533880524,37.98070635284869,42.7910722998992,2.6968654517432604,0.0070521444822252,97.93062589950492,0.5,Internal,1963.0560617319877,0.7899317531544054,2.2463016053197102,5.6938775510204085,446.68359215096194,76.42824007879412,56.12033070227238,49.2,77.82925630669219,0.18,0.18,OK,0
1.3024959826681577,0.9024959826681576,36.54089288303636,45.05256614593637,1.7587118315021533,0.0082647038691206,87.51876632335818,0.5,Internal,,,,,,,,,,,,FAILED,3
1.5170343453550004,1.1170343453550002,69.92524573049754,26.7713353653454,3.1875038635041784,3.386310074373396,73.07808722752887,0.5,External,,,,,,,,,,,,FAILED,3
1.2961982277019404,1.0961982277019404,47.54940093308964,38.24254178269548,1.1237099861021074,0.0032353863433282,29.29658346938481,0.5,Internal,28436.906069132136,2.8805502278946467,10.892374740665902,18.3265306122449,1412.5375446227495,47.506790214956425,57.21202782394603,14.9,19.31335359275891,0.18,0.18,OK,0
2.774267931083966,0.974267931083966,59.1788103319364,74.6096801046857,3.4269268988697457,3.3970711761305914,17.303426068261523,2.0,External,1241.0004754637548,0.0635924050003852,0.14390599147278665,3.2426303854875282,158.48931924611105,49.68114479039467,62.23992665991752,8.53,23.664505452146226,0.18,0.18,OK,0
2.9654892924541763,1.1654892924541764,46.45967610083535,46.97197286597426,5.898285695023279,0.0028025381608086,65.5105247067287,0.5,Internal,,,,,,,,,,,,FAILED,3
1.5213752180062077,1.1213752180062075,55.82991481847446,78.2205404360274,2.7099826014270367,1.1104652849122856,81.97468875683751,2.0,External,,,,,,,,,,,,FAILED,3
1.3595580042193431,1.1595580042193432,67.90692178306338,68.3139895150494,4.149548107009331,2.3262925730315103,66.72224975105422,2.0,External,,,,,,,,,,,,FAILED,3
